,name,datetime,lat,long,gauge,year,month,day,hour,abs hours
6026,"MOLALLA RIVER NEAR CANBY, OR",2017-01-05-00,45.24428767,-122.687314,11.61,2017,01,05,00,96
6027,"MOLALLA RIVER NEAR CANBY, OR",2017-01-05-03,45.24428767,-122.687314,11.58,2017,01,05,03,99
6028,"MOLALLA RIVER NEAR CANBY, OR",2017-01-05-06,45.24428767,-122.687314,11.565833333333332,2017,01,05,06,102
6029,"MOLALLA RIVER NEAR CANBY, OR",2017-01-05-09,45.24428767,-122.687314,11.542499999999999,2017,01,05,09,105
6030,"MOLALLA RIVER NEAR CANBY, OR",2017-01-05-12,45.24428767,-122.687314,11.528333333333334,2017,01,05,12,108
6031,"MOLALLA RIVER NEAR CANBY, OR",2017-01-05-15,45.24428767,-122.687314,11.520000000000001,2017,01,05,15,111
6032,"MOLALLA RIVER NEAR CANBY, OR",2017-01-05-18,45.24428767,-122.687314,11.524999999999999,2017,01,05,18,114
6033,"MOLALLA RIVER NEAR CANBY, OR",2017-01-05-21,45.24428767,-122.687314,11.519166666666665,2017,01,05,21,117
6034,"MOLALLA RIVER NEAR CANBY, OR",2017-01-06-00,45.24428767,-122.687314,11.510833333333332,2017,01,06,00,120
6035,"MOLALLA RIVER NEAR CANBY, OR",2017-01-06-03,45.24428767,-122.687314,11.473333333333334,2017,01,06,03,123
6036,"MOLALLA RIVER NEAR CANBY, OR",2017-01-06-06,45.24428767,-122.687314,11.445833333333333,2017,01,06,06,126
6037,"MOLALLA RIVER NEAR CANBY, OR",2017-01-06-09,45.24428767,-122.687314,11.439166666666667,2017,01,06,09,129
6038,"MOLALLA RIVER NEAR CANBY, OR",2017-01-06-12,45.24428767,-122.687314,11.466666666666667,2017,01,06,12,132
6039,"MOLALLA RIVER NEAR CANBY, OR",2017-01-06-15,45.24428767,-122.687314,11.465000000000002,2017,01,06,15,135
6040,"MOLALLA RIVER NEAR CANBY, OR",2017-01-06-18,45.24428767,-122.687314,11.443333333333335,2017,01,06,18,138
6041,"MOLALLA RIVER NEAR CANBY, OR",2017-01-06-21,45.24428767,-122.687314,11.4475,2017,01,06,21,141
6042,"MOLALLA RIVER NEAR CANBY, OR",2017-01-07-00,45.24428767,-122.687314,11.444999999999999,2017,01,07,00,144
6043,"MOLALLA RIVER NEAR CANBY, OR",2017-01-07-03,45.24428767,-122.687314,11.4275,2017,01,07,03,147
6044,"MOLALLA RIVER NEAR CANBY, OR",2017-01-07-06,45.24428767,-122.687314,11.418333333333335,2017,01,07,06,150
6045,"MOLALLA RIVER NEAR CANBY, OR",2017-01-07-09,45.24428767,-122.687314,11.413333333333334,2017,01,07,09,153
6046,"MOLALLA RIVER NEAR CANBY, OR",2017-01-07-12,45.24428767,-122.687314,11.402500000000002,2017,01,07,12,156
6047,"MOLALLA RIVER NEAR CANBY, OR",2017-01-07-15,45.24428767,-122.687314,11.414166666666667,2017,01,07,15,159
6048,"MOLALLA RIVER NEAR CANBY, OR",2017-01-07-18,45.24428767,-122.687314,11.405833333333334,2017,01,07,18,162
6049,"MOLALLA RIVER NEAR CANBY, OR",2017-01-07-21,45.24428767,-122.687314,11.402499999999998,2017,01,07,21,165
6050,"MOLALLA RIVER NEAR CANBY, OR",2017-01-08-00,45.24428767,-122.687314,11.410833333333334,2017,01,08,00,168
6051,"MOLALLA RIVER NEAR CANBY, OR",2017-01-08-03,45.24428767,-122.687314,11.3925,2017,01,08,03,171
6052,"MOLALLA RIVER NEAR CANBY, OR",2017-01-08-06,45.24428767,-122.687314,11.393333333333333,2017,01,08,06,174
6053,"MOLALLA RIVER NEAR CANBY, OR",2017-01-08-09,45.24428767,-122.687314,11.4,2017,01,08,09,177
6054,"MOLALLA RIVER NEAR CANBY, OR",2017-01-08-12,45.24428767,-122.687314,11.409166666666664,2017,01,08,12,180
6055,"MOLALLA RIVER NEAR CANBY, OR",2017-01-08-15,45.24428767,-122.687314,11.455833333333333,2017,01,08,15,183
6056,"MOLALLA RIVER NEAR CANBY, OR",2017-01-08-18,45.24428767,-122.687314,11.550000000000002,2017,01,08,18,186
6057,"MOLALLA RIVER NEAR CANBY, OR",2017-01-08-21,45.24428767,-122.687314,11.676666666666668,2017,01,08,21,189
6058,"MOLALLA RIVER NEAR CANBY, OR",2017-01-09-00,45.24428767,-122.687314,11.918333333333335,2017,01,09,00,192
6059,"MOLALLA RIVER NEAR CANBY, OR",2017-01-09-03,45.24428767,-122.687314,12.235833333333334,2017,01,09,03,195
6060,"MOLALLA RIVER NEAR CANBY, OR",2017-01-09-06,45.24428767,-122.687314,12.43,2017,01,09,06,198
6061,"MOLALLA RIVER NEAR CANBY, OR",2017-01-09-09,45.24428767,-122.687314,12.466666666666667,2017,01,09,09,201
6062,"MOLALLA RIVER NEAR CANBY, OR",2017-01-09-12,45.24428767,-122.687314,12.526666666666666,2017,01,09,12,204
6063,"MOLALLA RIVER NEAR CANBY, OR",2017-01-09-15,45.24428767,-122.687314,12.593333333333334,2017,01,09,15,207
6064,"MOLALLA RIVER NEAR CANBY, OR",2017-01-09-18,45.24428767,-122.687314,12.631666666666668,2017,01,09,18,210
6065,"MOLALLA RIVER NEAR CANBY, OR",2017-01-09-21,45.24428767,-122.687314,12.633333333333335,2017,01,09,21,213
6066,"MOLALLA RIVER NEAR CANBY, OR",2017-01-10-00,45.24428767,-122.687314,12.624166666666667,2017,01,10,00,216
6067,"MOLALLA RIVER NEAR CANBY, OR",2017-01-10-03,45.24428767,-122.687314,12.619166666666667,2017,01,10,03,219
6068,"MOLALLA RIVER NEAR CANBY, OR",2017-01-10-06,45.24428767,-122.687314,12.626666666666667,2017,01,10,06,222
6069,"MOLALLA RIVER NEAR CANBY, OR",2017-01-10-09,45.24428767,-122.687314,12.656666666666666,2017,01,10,09,225
6070,"MOLALLA RIVER NEAR CANBY, OR",2017-01-10-12,45.24428767,-122.687314,12.674166666666666,2017,01,10,12,228
6071,"MOLALLA RIVER NEAR CANBY, OR",2017-01-10-15,45.24428767,-122.687314,12.714166666666666,2017,01,10,15,231
6072,"MOLALLA RIVER NEAR CANBY, OR",2017-01-10-18,45.24428767,-122.687314,12.736666666666666,2017,01,10,18,234
6073,"MOLALLA RIVER NEAR CANBY, OR",2017-01-10-21,45.24428767,-122.687314,12.830833333333333,2017,01,10,21,237
6074,"MOLALLA RIVER NEAR CANBY, OR",2017-01-11-00,45.24428767,-122.687314,12.961666666666666,2017,01,11,00,240
6075,"MOLALLA RIVER NEAR CANBY, OR",2017-01-11-03,45.24428767,-122.687314,13.139166666666666,2017,01,11,03,243
6076,"MOLALLA RIVER NEAR CANBY, OR",2017-01-11-06,45.24428767,-122.687314,13.096666666666666,2017,01,11,06,246
6077,"MOLALLA RIVER NEAR CANBY, OR",2017-01-11-09,45.24428767,-122.687314,13.000000000000002,2017,01,11,09,249
6078,"MOLALLA RIVER NEAR CANBY, OR",2017-01-11-12,45.24428767,-122.687314,12.96416666666667,2017,01,11,12,252
6079,"MOLALLA RIVER NEAR CANBY, OR",2017-01-11-15,45.24428767,-122.687314,12.939166666666667,2017,01,11,15,255
6080,"MOLALLA RIVER NEAR CANBY, OR",2017-01-11-18,45.24428767,-122.687314,12.885833333333336,2017,01,11,18,258
6081,"MOLALLA RIVER NEAR CANBY, OR",2017-01-11-21,45.24428767,-122.687314,12.829166666666667,2017,01,11,21,261
6082,"MOLALLA RIVER NEAR CANBY, OR",2017-01-12-00,45.24428767,-122.687314,12.789999999999997,2017,01,12,00,264
6083,"MOLALLA RIVER NEAR CANBY, OR",2017-01-12-03,45.24428767,-122.687314,12.730833333333335,2017,01,12,03,267
6084,"MOLALLA RIVER NEAR CANBY, OR",2017-01-12-06,45.24428767,-122.687314,12.6725,2017,01,12,06,270
6085,"MOLALLA RIVER NEAR CANBY, OR",2017-01-12-09,45.24428767,-122.687314,12.638333333333334,2017,01,12,09,273
6086,"MOLALLA RIVER NEAR CANBY, OR",2017-01-12-12,45.24428767,-122.687314,12.579166666666667,2017,01,12,12,276
6087,"MOLALLA RIVER NEAR CANBY, OR",2017-01-12-15,45.24428767,-122.687314,12.538333333333332,2017,01,12,15,279
6088,"MOLALLA RIVER NEAR CANBY, OR",2017-01-12-18,45.24428767,-122.687314,12.507499999999999,2017,01,12,18,282
6089,"MOLALLA RIVER NEAR CANBY, OR",2017-01-12-21,45.24428767,-122.687314,12.465833333333334,2017,01,12,21,285
6090,"MOLALLA RIVER NEAR CANBY, OR",2017-01-13-00,45.24428767,-122.687314,12.4325,2017,01,13,00,288
6091,"MOLALLA RIVER NEAR CANBY, OR",2017-01-13-03,45.24428767,-122.687314,12.393333333333333,2017,01,13,03,291
6092,"MOLALLA RIVER NEAR CANBY, OR",2017-01-13-06,45.24428767,-122.687314,12.3675,2017,01,13,06,294
6093,"MOLALLA RIVER NEAR CANBY, OR",2017-01-13-09,45.24428767,-122.687314,12.328333333333333,2017,01,13,09,297
6094,"MOLALLA RIVER NEAR CANBY, OR",2017-01-13-12,45.24428767,-122.687314,12.289166666666667,2017,01,13,12,300
6095,"MOLALLA RIVER NEAR CANBY, OR",2017-01-13-15,45.24428767,-122.687314,12.258333333333331,2017,01,13,15,303
6096,"MOLALLA RIVER NEAR CANBY, OR",2017-01-13-18,45.24428767,-122.687314,12.234166666666667,2017,01,13,18,306
6097,"MOLALLA RIVER NEAR CANBY, OR",2017-01-13-21,45.24428767,-122.687314,12.213333333333331,2017,01,13,21,309
6098,"MOLALLA RIVER NEAR CANBY, OR",2017-01-14-00,45.24428767,-122.687314,12.170833333333333,2017,01,14,00,312
6099,"MOLALLA RIVER NEAR CANBY, OR",2017-01-14-03,45.24428767,-122.687314,12.156666666666665,2017,01,14,03,315
6100,"MOLALLA RIVER NEAR CANBY, OR",2017-01-14-06,45.24428767,-122.687314,12.136666666666668,2017,01,14,06,318
6101,"MOLALLA RIVER NEAR CANBY, OR",2017-01-14-09,45.24428767,-122.687314,12.099999999999996,2017,01,14,09,321
6102,"MOLALLA RIVER NEAR CANBY, OR",2017-01-14-12,45.24428767,-122.687314,12.071666666666665,2017,01,14,12,324
6103,"MOLALLA RIVER NEAR CANBY, OR",2017-01-14-15,45.24428767,-122.687314,12.036666666666667,2017,01,14,15,327
6104,"MOLALLA RIVER NEAR CANBY, OR",2017-01-14-18,45.24428767,-122.687314,12.026666666666669,2017,01,14,18,330
6105,"MOLALLA RIVER NEAR CANBY, OR",2017-01-14-21,45.24428767,-122.687314,12.008333333333333,2017,01,14,21,333
6106,"MOLALLA RIVER NEAR CANBY, OR",2017-01-15-00,45.24428767,-122.687314,11.9925,2017,01,15,00,336
6107,"MOLALLA RIVER NEAR CANBY, OR",2017-01-15-03,45.24428767,-122.687314,11.97,2017,01,15,03,339
6108,"MOLALLA RIVER NEAR CANBY, OR",2017-01-15-06,45.24428767,-122.687314,11.955000000000004,2017,01,15,06,342
6109,"MOLALLA RIVER NEAR CANBY, OR",2017-01-15-09,45.24428767,-122.687314,11.925833333333335,2017,01,15,09,345
6110,"MOLALLA RIVER NEAR CANBY, OR",2017-01-15-12,45.24428767,-122.687314,11.905,2017,01,15,12,348
6111,"MOLALLA RIVER NEAR CANBY, OR",2017-01-15-15,45.24428767,-122.687314,11.889166666666668,2017,01,15,15,351
6112,"MOLALLA RIVER NEAR CANBY, OR",2017-01-15-18,45.24428767,-122.687314,11.859166666666667,2017,01,15,18,354
6113,"MOLALLA RIVER NEAR CANBY, OR",2017-01-15-21,45.24428767,-122.687314,11.8525,2017,01,15,21,357
6114,"MOLALLA RIVER NEAR CANBY, OR",2017-01-16-00,45.24428767,-122.687314,11.8425,2017,01,16,00,360
6115,"MOLALLA RIVER NEAR CANBY, OR",2017-01-16-03,45.24428767,-122.687314,11.816666666666668,2017,01,16,03,363
6116,"MOLALLA RIVER NEAR CANBY, OR",2017-01-16-06,45.24428767,-122.687314,11.8025,2017,01,16,06,366
6117,"MOLALLA RIVER NEAR CANBY, OR",2017-01-16-09,45.24428767,-122.687314,11.77833333333333,2017,01,16,09,369
6118,"MOLALLA RIVER NEAR CANBY, OR",2017-01-16-12,45.24428767,-122.687314,11.764999999999999,2017,01,16,12,372
6119,"MOLALLA RIVER NEAR CANBY, OR",2017-01-16-15,45.24428767,-122.687314,11.752499999999998,2017,01,16,15,375
6120,"MOLALLA RIVER NEAR CANBY, OR",2017-01-16-18,45.24428767,-122.687314,11.741666666666667,2017,01,16,18,378
6121,"MOLALLA RIVER NEAR CANBY, OR",2017-01-16-21,45.24428767,-122.687314,11.737499999999999,2017,01,16,21,381
6122,"MOLALLA RIVER NEAR CANBY, OR",2017-01-17-00,45.24428767,-122.687314,11.735000000000001,2017,01,17,00,384
6123,"MOLALLA RIVER NEAR CANBY, OR",2017-01-17-03,45.24428767,-122.687314,11.731666666666667,2017,01,17,03,387
6124,"MOLALLA RIVER NEAR CANBY, OR",2017-01-17-06,45.24428767,-122.687314,11.7475,2017,01,17,06,390
6125,"MOLALLA RIVER NEAR CANBY, OR",2017-01-17-09,45.24428767,-122.687314,11.735833333333332,2017,01,17,09,393
6126,"MOLALLA RIVER NEAR CANBY, OR",2017-01-17-12,45.24428767,-122.687314,11.740833333333333,2017,01,17,12,396
6127,"MOLALLA RIVER NEAR CANBY, OR",2017-01-17-15,45.24428767,-122.687314,11.781666666666666,2017,01,17,15,399
6128,"MOLALLA RIVER NEAR CANBY, OR",2017-01-17-18,45.24428767,-122.687314,11.849166666666667,2017,01,17,18,402
6129,"MOLALLA RIVER NEAR CANBY, OR",2017-01-17-21,45.24428767,-122.687314,12.008333333333333,2017,01,17,21,405
6130,"MOLALLA RIVER NEAR CANBY, OR",2017-01-18-00,45.24428767,-122.687314,12.3275,2017,01,18,00,408
6131,"MOLALLA RIVER NEAR CANBY, OR",2017-01-18-03,45.24428767,-122.687314,12.975833333333334,2017,01,18,03,411
6132,"MOLALLA RIVER NEAR CANBY, OR",2017-01-18-06,45.24428767,-122.687314,14.1575,2017,01,18,06,414
6133,"MOLALLA RIVER NEAR CANBY, OR",2017-01-18-09,45.24428767,-122.687314,15.076666666666663,2017,01,18,09,417
6134,"MOLALLA RIVER NEAR CANBY, OR",2017-01-18-12,45.24428767,-122.687314,15.609166666666667,2017,01,18,12,420
6135,"MOLALLA RIVER NEAR CANBY, OR",2017-01-18-15,45.24428767,-122.687314,15.605833333333335,2017,01,18,15,423
6136,"MOLALLA RIVER NEAR CANBY, OR",2017-01-18-18,45.24428767,-122.687314,15.5025,2017,01,18,18,426
6137,"MOLALLA RIVER NEAR CANBY, OR",2017-01-18-21,45.24428767,-122.687314,15.358333333333334,2017,01,18,21,429
6138,"MOLALLA RIVER NEAR CANBY, OR",2017-01-19-00,45.24428767,-122.687314,15.191666666666668,2017,01,19,00,432
6139,"MOLALLA RIVER NEAR CANBY, OR",2017-01-19-03,45.24428767,-122.687314,15.0725,2017,01,19,03,435
6140,"MOLALLA RIVER NEAR CANBY, OR",2017-01-19-06,45.24428767,-122.687314,14.904166666666667,2017,01,19,06,438
6141,"MOLALLA RIVER NEAR CANBY, OR",2017-01-19-09,45.24428767,-122.687314,14.779166666666667,2017,01,19,09,441
6142,"MOLALLA RIVER NEAR CANBY, OR",2017-01-19-12,45.24428767,-122.687314,14.671666666666669,2017,01,19,12,444
6143,"MOLALLA RIVER NEAR CANBY, OR",2017-01-19-15,45.24428767,-122.687314,14.528333333333336,2017,01,19,15,447
6144,"MOLALLA RIVER NEAR CANBY, OR",2017-01-19-18,45.24428767,-122.687314,14.3525,2017,01,19,18,450
6145,"MOLALLA RIVER NEAR CANBY, OR",2017-01-19-21,45.24428767,-122.687314,14.1925,2017,01,19,21,453
6146,"MOLALLA RIVER NEAR CANBY, OR",2017-01-20-00,45.24428767,-122.687314,14.085833333333333,2017,01,20,00,456
6147,"MOLALLA RIVER NEAR CANBY, OR",2017-01-20-03,45.24428767,-122.687314,13.987500000000002,2017,01,20,03,459
6148,"MOLALLA RIVER NEAR CANBY, OR",2017-01-20-06,45.24428767,-122.687314,13.908333333333333,2017,01,20,06,462
6149,"MOLALLA RIVER NEAR CANBY, OR",2017-01-20-09,45.24428767,-122.687314,13.8225,2017,01,20,09,465
6150,"MOLALLA RIVER NEAR CANBY, OR",2017-01-20-12,45.24428767,-122.687314,13.7675,2017,01,20,12,468
6151,"MOLALLA RIVER NEAR CANBY, OR",2017-01-20-15,45.24428767,-122.687314,13.702499999999999,2017,01,20,15,471
6152,"MOLALLA RIVER NEAR CANBY, OR",2017-01-20-18,45.24428767,-122.687314,13.634999999999998,2017,01,20,18,474
6153,"MOLALLA RIVER NEAR CANBY, OR",2017-01-20-21,45.24428767,-122.687314,13.5675,2017,01,20,21,477
6154,"MOLALLA RIVER NEAR CANBY, OR",2017-01-21-00,45.24428767,-122.687314,13.485833333333337,2017,01,21,00,480
6155,"MOLALLA RIVER NEAR CANBY, OR",2017-01-21-03,45.24428767,-122.687314,13.425833333333335,2017,01,21,03,483
6156,"MOLALLA RIVER NEAR CANBY, OR",2017-01-21-06,45.24428767,-122.687314,13.298333333333334,2017,01,21,06,486
6157,"MOLALLA RIVER NEAR CANBY, OR",2017-01-21-09,45.24428767,-122.687314,13.24,2017,01,21,09,489
6158,"MOLALLA RIVER NEAR CANBY, OR",2017-01-21-12,45.24428767,-122.687314,13.212499999999999,2017,01,21,12,492
6159,"MOLALLA RIVER NEAR CANBY, OR",2017-01-21-15,45.24428767,-122.687314,13.18833333333333,2017,01,21,15,495
6160,"MOLALLA RIVER NEAR CANBY, OR",2017-01-21-18,45.24428767,-122.687314,13.144999999999998,2017,01,21,18,498
6161,"MOLALLA RIVER NEAR CANBY, OR",2017-01-21-21,45.24428767,-122.687314,13.135000000000003,2017,01,21,21,501
6162,"MOLALLA RIVER NEAR CANBY, OR",2017-01-22-00,45.24428767,-122.687314,13.208333333333334,2017,01,22,00,504
6163,"MOLALLA RIVER NEAR CANBY, OR",2017-01-22-03,45.24428767,-122.687314,13.1725,2017,01,22,03,507
6164,"MOLALLA RIVER NEAR CANBY, OR",2017-01-22-06,45.24428767,-122.687314,13.126666666666665,2017,01,22,06,510
6165,"MOLALLA RIVER NEAR CANBY, OR",2017-01-22-09,45.24428767,-122.687314,13.102500000000001,2017,01,22,09,513
6166,"MOLALLA RIVER NEAR CANBY, OR",2017-01-22-12,45.24428767,-122.687314,13.096666666666666,2017,01,22,12,516
6167,"MOLALLA RIVER NEAR CANBY, OR",2017-01-22-15,45.24428767,-122.687314,13.080000000000004,2017,01,22,15,519
6168,"MOLALLA RIVER NEAR CANBY, OR",2017-01-22-18,45.24428767,-122.687314,12.973333333333331,2017,01,22,18,522
6169,"MOLALLA RIVER NEAR CANBY, OR",2017-01-22-21,45.24428767,-122.687314,12.935833333333333,2017,01,22,21,525
6170,"MOLALLA RIVER NEAR CANBY, OR",2017-01-23-00,45.24428767,-122.687314,12.923333333333332,2017,01,23,00,528
6171,"MOLALLA RIVER NEAR CANBY, OR",2017-01-23-03,45.24428767,-122.687314,12.902500000000003,2017,01,23,03,531
6172,"MOLALLA RIVER NEAR CANBY, OR",2017-01-23-06,45.24428767,-122.687314,12.863333333333332,2017,01,23,06,534
6173,"MOLALLA RIVER NEAR CANBY, OR",2017-01-23-09,45.24428767,-122.687314,12.805,2017,01,23,09,537
6174,"MOLALLA RIVER NEAR CANBY, OR",2017-01-23-12,45.24428767,-122.687314,12.768333333333333,2017,01,23,12,540
6175,"MOLALLA RIVER NEAR CANBY, OR",2017-01-23-15,45.24428767,-122.687314,12.725833333333334,2017,01,23,15,543
6176,"MOLALLA RIVER NEAR CANBY, OR",2017-01-23-18,45.24428767,-122.687314,12.680833333333334,2017,01,23,18,546
6177,"MOLALLA RIVER NEAR CANBY, OR",2017-01-23-21,45.24428767,-122.687314,12.65,2017,01,23,21,549
6178,"MOLALLA RIVER NEAR CANBY, OR",2017-01-24-00,45.24428767,-122.687314,12.608333333333334,2017,01,24,00,552
6179,"MOLALLA RIVER NEAR CANBY, OR",2017-01-24-03,45.24428767,-122.687314,12.586666666666668,2017,01,24,03,555
6180,"MOLALLA RIVER NEAR CANBY, OR",2017-01-24-06,45.24428767,-122.687314,12.533333333333331,2017,01,24,06,558
6181,"MOLALLA RIVER NEAR CANBY, OR",2017-01-24-09,45.24428767,-122.687314,12.483333333333333,2017,01,24,09,561
6182,"MOLALLA RIVER NEAR CANBY, OR",2017-01-24-12,45.24428767,-122.687314,12.465000000000002,2017,01,24,12,564
6183,"MOLALLA RIVER NEAR CANBY, OR",2017-01-24-15,45.24428767,-122.687314,12.431666666666667,2017,01,24,15,567
6184,"MOLALLA RIVER NEAR CANBY, OR",2017-01-24-18,45.24428767,-122.687314,12.405833333333334,2017,01,24,18,570
6185,"MOLALLA RIVER NEAR CANBY, OR",2017-01-24-21,45.24428767,-122.687314,12.364166666666668,2017,01,24,21,573
6186,"MOLALLA RIVER NEAR CANBY, OR",2017-01-25-00,45.24428767,-122.687314,12.340000000000002,2017,01,25,00,576
6187,"MOLALLA RIVER NEAR CANBY, OR",2017-01-25-03,45.24428767,-122.687314,12.315,2017,01,25,03,579
6188,"MOLALLA RIVER NEAR CANBY, OR",2017-01-25-06,45.24428767,-122.687314,12.289999999999997,2017,01,25,06,582
6189,"MOLALLA RIVER NEAR CANBY, OR",2017-01-25-09,45.24428767,-122.687314,12.273333333333332,2017,01,25,09,585
6190,"MOLALLA RIVER NEAR CANBY, OR",2017-01-25-12,45.24428767,-122.687314,12.251666666666667,2017,01,25,12,588
6191,"MOLALLA RIVER NEAR CANBY, OR",2017-01-25-15,45.24428767,-122.687314,12.215833333333336,2017,01,25,15,591
6192,"MOLALLA RIVER NEAR CANBY, OR",2017-01-25-18,45.24428767,-122.687314,12.196666666666667,2017,01,25,18,594
6193,"MOLALLA RIVER NEAR CANBY, OR",2017-01-25-21,45.24428767,-122.687314,12.17416666666667,2017,01,25,21,597
6194,"MOLALLA RIVER NEAR CANBY, OR",2017-01-26-00,45.24428767,-122.687314,12.154166666666667,2017,01,26,00,600
6195,"MOLALLA RIVER NEAR CANBY, OR",2017-01-26-03,45.24428767,-122.687314,12.1225,2017,01,26,03,603
6196,"MOLALLA RIVER NEAR CANBY, OR",2017-01-26-06,45.24428767,-122.687314,12.1,2017,01,26,06,606
6197,"MOLALLA RIVER NEAR CANBY, OR",2017-01-26-09,45.24428767,-122.687314,12.07583333333333,2017,01,26,09,609
6198,"MOLALLA RIVER NEAR CANBY, OR",2017-01-26-12,45.24428767,-122.687314,12.058333333333332,2017,01,26,12,612
6199,"MOLALLA RIVER NEAR CANBY, OR",2017-01-26-15,45.24428767,-122.687314,12.035833333333334,2017,01,26,15,615
6200,"MOLALLA RIVER NEAR CANBY, OR",2017-01-26-18,45.24428767,-122.687314,12.012500000000001,2017,01,26,18,618
6201,"MOLALLA RIVER NEAR CANBY, OR",2017-01-26-21,45.24428767,-122.687314,11.995,2017,01,26,21,621
6202,"MOLALLA RIVER NEAR CANBY, OR",2017-01-27-00,45.24428767,-122.687314,11.9775,2017,01,27,00,624
6203,"MOLALLA RIVER NEAR CANBY, OR",2017-01-27-03,45.24428767,-122.687314,11.960833333333332,2017,01,27,03,627
6204,"MOLALLA RIVER NEAR CANBY, OR",2017-01-27-06,45.24428767,-122.687314,11.941666666666668,2017,01,27,06,630
6205,"MOLALLA RIVER NEAR CANBY, OR",2017-01-27-09,45.24428767,-122.687314,11.910000000000002,2017,01,27,09,633
6206,"MOLALLA RIVER NEAR CANBY, OR",2017-01-27-12,45.24428767,-122.687314,11.885,2017,01,27,12,636
6207,"MOLALLA RIVER NEAR CANBY, OR",2017-01-27-15,45.24428767,-122.687314,11.861666666666665,2017,01,27,15,639
6208,"MOLALLA RIVER NEAR CANBY, OR",2017-01-27-18,45.24428767,-122.687314,11.841666666666667,2017,01,27,18,642
6209,"MOLALLA RIVER NEAR CANBY, OR",2017-01-27-21,45.24428767,-122.687314,11.83,2017,01,27,21,645
6210,"MOLALLA RIVER NEAR CANBY, OR",2017-01-28-00,45.24428767,-122.687314,11.816666666666668,2017,01,28,00,648
6211,"MOLALLA RIVER NEAR CANBY, OR",2017-01-28-03,45.24428767,-122.687314,11.802499999999997,2017,01,28,03,651
6212,"MOLALLA RIVER NEAR CANBY, OR",2017-01-28-06,45.24428767,-122.687314,11.788333333333334,2017,01,28,06,654
6213,"MOLALLA RIVER NEAR CANBY, OR",2017-01-28-09,45.24428767,-122.687314,11.762499999999998,2017,01,28,09,657
6214,"MOLALLA RIVER NEAR CANBY, OR",2017-01-28-12,45.24428767,-122.687314,11.7575,2017,01,28,12,660
6215,"MOLALLA RIVER NEAR CANBY, OR",2017-01-28-15,45.24428767,-122.687314,11.744166666666667,2017,01,28,15,663
6216,"MOLALLA RIVER NEAR CANBY, OR",2017-01-28-18,45.24428767,-122.687314,11.723333333333334,2017,01,28,18,666
6217,"MOLALLA RIVER NEAR CANBY, OR",2017-01-28-21,45.24428767,-122.687314,11.717500000000001,2017,01,28,21,669
6218,"MOLALLA RIVER NEAR CANBY, OR",2017-01-29-00,45.24428767,-122.687314,11.696666666666665,2017,01,29,00,672
6219,"MOLALLA RIVER NEAR CANBY, OR",2017-01-29-03,45.24428767,-122.687314,11.699999999999998,2017,01,29,03,675
6220,"MOLALLA RIVER NEAR CANBY, OR",2017-01-29-06,45.24428767,-122.687314,11.6875,2017,01,29,06,678
6221,"MOLALLA RIVER NEAR CANBY, OR",2017-01-29-09,45.24428767,-122.687314,11.684166666666668,2017,01,29,09,681
6222,"MOLALLA RIVER NEAR CANBY, OR",2017-01-29-12,45.24428767,-122.687314,11.6825,2017,01,29,12,684
6223,"MOLALLA RIVER NEAR CANBY, OR",2017-01-29-15,45.24428767,-122.687314,11.665,2017,01,29,15,687
6224,"MOLALLA RIVER NEAR CANBY, OR",2017-01-29-18,45.24428767,-122.687314,11.6625,2017,01,29,18,690
6225,"MOLALLA RIVER NEAR CANBY, OR",2017-01-29-21,45.24428767,-122.687314,11.664166666666668,2017,01,29,21,693
6226,"MOLALLA RIVER NEAR CANBY, OR",2017-01-30-00,45.24428767,-122.687314,11.648333333333333,2017,01,30,00,696
6227,"MOLALLA RIVER NEAR CANBY, OR",2017-01-30-03,45.24428767,-122.687314,11.645833333333334,2017,01,30,03,699
6228,"MOLALLA RIVER NEAR CANBY, OR",2017-01-30-06,45.24428767,-122.687314,11.646666666666668,2017,01,30,06,702
6229,"MOLALLA RIVER NEAR CANBY, OR",2017-01-30-09,45.24428767,-122.687314,11.641666666666667,2017,01,30,09,705
6230,"MOLALLA RIVER NEAR CANBY, OR",2017-01-30-12,45.24428767,-122.687314,11.643333333333333,2017,01,30,12,708
6231,"MOLALLA RIVER NEAR CANBY, OR",2017-01-30-15,45.24428767,-122.687314,11.617499999999998,2017,01,30,15,711
6232,"MOLALLA RIVER NEAR CANBY, OR",2017-01-30-18,45.24428767,-122.687314,11.620833333333332,2017,01,30,18,714
6233,"MOLALLA RIVER NEAR CANBY, OR",2017-01-30-21,45.24428767,-122.687314,11.6275,2017,01,30,21,717
6234,"MOLALLA RIVER NEAR CANBY, OR",2017-01-31-00,45.24428767,-122.687314,11.624166666666667,2017,01,31,00,720
6235,"MOLALLA RIVER NEAR CANBY, OR",2017-01-31-03,45.24428767,-122.687314,11.63,2017,01,31,03,723
6236,"MOLALLA RIVER NEAR CANBY, OR",2017-01-31-06,45.24428767,-122.687314,11.631666666666668,2017,01,31,06,726
6237,"MOLALLA RIVER NEAR CANBY, OR",2017-01-31-09,45.24428767,-122.687314,11.626666666666665,2017,01,31,09,729
6238,"MOLALLA RIVER NEAR CANBY, OR",2017-01-31-12,45.24428767,-122.687314,11.62,2017,01,31,12,732
6239,"MOLALLA RIVER NEAR CANBY, OR",2017-01-31-15,45.24428767,-122.687314,11.641666666666666,2017,01,31,15,735
6240,"MOLALLA RIVER NEAR CANBY, OR",2017-01-31-18,45.24428767,-122.687314,11.645833333333336,2017,01,31,18,738
6241,"MOLALLA RIVER NEAR CANBY, OR",2017-01-31-21,45.24428767,-122.687314,11.64,2017,01,31,21,741
6242,"MOLALLA RIVER NEAR CANBY, OR",2017-02-01-00,45.24428767,-122.687314,11.64,2017,02,01,00,744
6243,"MOLALLA RIVER NEAR CANBY, OR",2017-02-01-03,45.24428767,-122.687314,11.63,2017,02,01,03,747
6244,"MOLALLA RIVER NEAR CANBY, OR",2017-02-01-06,45.24428767,-122.687314,11.623333333333333,2017,02,01,06,750
6245,"MOLALLA RIVER NEAR CANBY, OR",2017-02-01-09,45.24428767,-122.687314,11.611666666666665,2017,02,01,09,753
6246,"MOLALLA RIVER NEAR CANBY, OR",2017-02-01-12,45.24428767,-122.687314,11.593333333333332,2017,02,01,12,756
6247,"MOLALLA RIVER NEAR CANBY, OR",2017-02-01-15,45.24428767,-122.687314,11.590833333333334,2017,02,01,15,759
6248,"MOLALLA RIVER NEAR CANBY, OR",2017-02-01-18,45.24428767,-122.687314,11.581666666666669,2017,02,01,18,762
6249,"MOLALLA RIVER NEAR CANBY, OR",2017-02-01-21,45.24428767,-122.687314,11.575000000000001,2017,02,01,21,765
6250,"MOLALLA RIVER NEAR CANBY, OR",2017-02-02-00,45.24428767,-122.687314,11.565833333333332,2017,02,02,00,768
6251,"MOLALLA RIVER NEAR CANBY, OR",2017-02-02-03,45.24428767,-122.687314,11.551666666666668,2017,02,02,03,771
6252,"MOLALLA RIVER NEAR CANBY, OR",2017-02-02-06,45.24428767,-122.687314,11.536666666666667,2017,02,02,06,774
6253,"MOLALLA RIVER NEAR CANBY, OR",2017-02-02-09,45.24428767,-122.687314,11.532499999999999,2017,02,02,09,777
6254,"MOLALLA RIVER NEAR CANBY, OR",2017-02-02-12,45.24428767,-122.687314,11.520000000000001,2017,02,02,12,780
6255,"MOLALLA RIVER NEAR CANBY, OR",2017-02-02-15,45.24428767,-122.687314,11.496666666666664,2017,02,02,15,783
6256,"MOLALLA RIVER NEAR CANBY, OR",2017-02-02-18,45.24428767,-122.687314,11.491666666666667,2017,02,02,18,786
6257,"MOLALLA RIVER NEAR CANBY, OR",2017-02-02-21,45.24428767,-122.687314,11.48166666666667,2017,02,02,21,789
6258,"MOLALLA RIVER NEAR CANBY, OR",2017-02-03-00,45.24428767,-122.687314,11.475000000000001,2017,02,03,00,792
6259,"MOLALLA RIVER NEAR CANBY, OR",2017-02-03-03,45.24428767,-122.687314,11.484166666666667,2017,02,03,03,795
6260,"MOLALLA RIVER NEAR CANBY, OR",2017-02-03-06,45.24428767,-122.687314,11.480833333333331,2017,02,03,06,798
6261,"MOLALLA RIVER NEAR CANBY, OR",2017-02-03-09,45.24428767,-122.687314,11.490833333333335,2017,02,03,09,801
6262,"MOLALLA RIVER NEAR CANBY, OR",2017-02-03-12,45.24428767,-122.687314,11.492500000000001,2017,02,03,12,804
6263,"MOLALLA RIVER NEAR CANBY, OR",2017-02-03-15,45.24428767,-122.687314,11.52083333333333,2017,02,03,15,807
6264,"MOLALLA RIVER NEAR CANBY, OR",2017-02-03-18,45.24428767,-122.687314,11.5675,2017,02,03,18,810
6265,"MOLALLA RIVER NEAR CANBY, OR",2017-02-03-21,45.24428767,-122.687314,11.638333333333334,2017,02,03,21,813
6266,"MOLALLA RIVER NEAR CANBY, OR",2017-02-04-00,45.24428767,-122.687314,11.796666666666667,2017,02,04,00,816
6267,"MOLALLA RIVER NEAR CANBY, OR",2017-02-04-03,45.24428767,-122.687314,12.094166666666668,2017,02,04,03,819
6268,"MOLALLA RIVER NEAR CANBY, OR",2017-02-04-06,45.24428767,-122.687314,12.3975,2017,02,04,06,822
6269,"MOLALLA RIVER NEAR CANBY, OR",2017-02-04-09,45.24428767,-122.687314,12.818333333333333,2017,02,04,09,825
6270,"MOLALLA RIVER NEAR CANBY, OR",2017-02-04-12,45.24428767,-122.687314,13.676666666666664,2017,02,04,12,828
6271,"MOLALLA RIVER NEAR CANBY, OR",2017-02-04-15,45.24428767,-122.687314,14.114166666666668,2017,02,04,15,831
6272,"MOLALLA RIVER NEAR CANBY, OR",2017-02-04-18,45.24428767,-122.687314,14.225833333333332,2017,02,04,18,834
6273,"MOLALLA RIVER NEAR CANBY, OR",2017-02-04-21,45.24428767,-122.687314,14.342500000000003,2017,02,04,21,837
6274,"MOLALLA RIVER NEAR CANBY, OR",2017-02-05-00,45.24428767,-122.687314,14.461666666666666,2017,02,05,00,840
6275,"MOLALLA RIVER NEAR CANBY, OR",2017-02-05-03,45.24428767,-122.687314,14.709166666666667,2017,02,05,03,843
6276,"MOLALLA RIVER NEAR CANBY, OR",2017-02-05-06,45.24428767,-122.687314,15.1325,2017,02,05,06,846
6277,"MOLALLA RIVER NEAR CANBY, OR",2017-02-05-09,45.24428767,-122.687314,15.905000000000001,2017,02,05,09,849
6278,"MOLALLA RIVER NEAR CANBY, OR",2017-02-05-12,45.24428767,-122.687314,16.456666666666667,2017,02,05,12,852
6279,"MOLALLA RIVER NEAR CANBY, OR",2017-02-05-15,45.24428767,-122.687314,16.74833333333333,2017,02,05,15,855
6280,"MOLALLA RIVER NEAR CANBY, OR",2017-02-05-18,45.24428767,-122.687314,16.94666666666667,2017,02,05,18,858
6281,"MOLALLA RIVER NEAR CANBY, OR",2017-02-05-21,45.24428767,-122.687314,17.099166666666665,2017,02,05,21,861
6282,"MOLALLA RIVER NEAR CANBY, OR",2017-02-06-00,45.24428767,-122.687314,17.13416666666667,2017,02,06,00,864
6283,"MOLALLA RIVER NEAR CANBY, OR",2017-02-06-03,45.24428767,-122.687314,17.200833333333332,2017,02,06,03,867
6284,"MOLALLA RIVER NEAR CANBY, OR",2017-02-06-06,45.24428767,-122.687314,17.162499999999998,2017,02,06,06,870
6285,"MOLALLA RIVER NEAR CANBY, OR",2017-02-06-09,45.24428767,-122.687314,16.940833333333334,2017,02,06,09,873
6286,"MOLALLA RIVER NEAR CANBY, OR",2017-02-06-12,45.24428767,-122.687314,16.541666666666668,2017,02,06,12,876
6287,"MOLALLA RIVER NEAR CANBY, OR",2017-02-06-15,45.24428767,-122.687314,16.27416666666667,2017,02,06,15,879
6288,"MOLALLA RIVER NEAR CANBY, OR",2017-02-06-18,45.24428767,-122.687314,16.055833333333332,2017,02,06,18,882
6289,"MOLALLA RIVER NEAR CANBY, OR",2017-02-06-21,45.24428767,-122.687314,15.866666666666667,2017,02,06,21,885
6290,"MOLALLA RIVER NEAR CANBY, OR",2017-02-07-00,45.24428767,-122.687314,15.595,2017,02,07,00,888
6291,"MOLALLA RIVER NEAR CANBY, OR",2017-02-07-03,45.24428767,-122.687314,15.290833333333332,2017,02,07,03,891
6292,"MOLALLA RIVER NEAR CANBY, OR",2017-02-07-06,45.24428767,-122.687314,15.049999999999997,2017,02,07,06,894
6293,"MOLALLA RIVER NEAR CANBY, OR",2017-02-07-09,45.24428767,-122.687314,14.910833333333331,2017,02,07,09,897
6294,"MOLALLA RIVER NEAR CANBY, OR",2017-02-07-12,45.24428767,-122.687314,14.800833333333332,2017,02,07,12,900
6295,"MOLALLA RIVER NEAR CANBY, OR",2017-02-07-15,45.24428767,-122.687314,14.699166666666663,2017,02,07,15,903
6296,"MOLALLA RIVER NEAR CANBY, OR",2017-02-07-18,45.24428767,-122.687314,14.520833333333334,2017,02,07,18,906
6297,"MOLALLA RIVER NEAR CANBY, OR",2017-02-07-21,45.24428767,-122.687314,14.350833333333332,2017,02,07,21,909
6298,"MOLALLA RIVER NEAR CANBY, OR",2017-02-08-00,45.24428767,-122.687314,14.213333333333331,2017,02,08,00,912
6299,"MOLALLA RIVER NEAR CANBY, OR",2017-02-08-03,45.24428767,-122.687314,14.128333333333337,2017,02,08,03,915
6300,"MOLALLA RIVER NEAR CANBY, OR",2017-02-08-06,45.24428767,-122.687314,14.125833333333334,2017,02,08,06,918
6301,"MOLALLA RIVER NEAR CANBY, OR",2017-02-08-09,45.24428767,-122.687314,14.225833333333334,2017,02,08,09,921
6302,"MOLALLA RIVER NEAR CANBY, OR",2017-02-08-12,45.24428767,-122.687314,14.350833333333332,2017,02,08,12,924
6303,"MOLALLA RIVER NEAR CANBY, OR",2017-02-08-15,45.24428767,-122.687314,14.54916666666667,2017,02,08,15,927
6304,"MOLALLA RIVER NEAR CANBY, OR",2017-02-08-18,45.24428767,-122.687314,14.885000000000003,2017,02,08,18,930
6305,"MOLALLA RIVER NEAR CANBY, OR",2017-02-08-21,45.24428767,-122.687314,15.345833333333333,2017,02,08,21,933
6306,"MOLALLA RIVER NEAR CANBY, OR",2017-02-09-00,45.24428767,-122.687314,16.133333333333333,2017,02,09,00,936
6307,"MOLALLA RIVER NEAR CANBY, OR",2017-02-09-03,45.24428767,-122.687314,16.821666666666662,2017,02,09,03,939
6308,"MOLALLA RIVER NEAR CANBY, OR",2017-02-09-06,45.24428767,-122.687314,17.507500000000004,2017,02,09,06,942
6309,"MOLALLA RIVER NEAR CANBY, OR",2017-02-09-09,45.24428767,-122.687314,18.105,2017,02,09,09,945
6310,"MOLALLA RIVER NEAR CANBY, OR",2017-02-09-12,45.24428767,-122.687314,18.49,2017,02,09,12,948
6311,"MOLALLA RIVER NEAR CANBY, OR",2017-02-09-15,45.24428767,-122.687314,18.523333333333333,2017,02,09,15,951
6312,"MOLALLA RIVER NEAR CANBY, OR",2017-02-09-18,45.24428767,-122.687314,18.448333333333334,2017,02,09,18,954
6313,"MOLALLA RIVER NEAR CANBY, OR",2017-02-09-21,45.24428767,-122.687314,18.247500000000002,2017,02,09,21,957
6314,"MOLALLA RIVER NEAR CANBY, OR",2017-02-10-00,45.24428767,-122.687314,17.9925,2017,02,10,00,960
6315,"MOLALLA RIVER NEAR CANBY, OR",2017-02-10-03,45.24428767,-122.687314,17.673333333333332,2017,02,10,03,963
6316,"MOLALLA RIVER NEAR CANBY, OR",2017-02-10-06,45.24428767,-122.687314,17.342499999999998,2017,02,10,06,966
6317,"MOLALLA RIVER NEAR CANBY, OR",2017-02-10-09,45.24428767,-122.687314,16.95833333333334,2017,02,10,09,969
6318,"MOLALLA RIVER NEAR CANBY, OR",2017-02-10-12,45.24428767,-122.687314,16.611666666666668,2017,02,10,12,972
6319,"MOLALLA RIVER NEAR CANBY, OR",2017-02-10-15,45.24428767,-122.687314,16.392500000000002,2017,02,10,15,975
6320,"MOLALLA RIVER NEAR CANBY, OR",2017-02-10-18,45.24428767,-122.687314,16.143333333333334,2017,02,10,18,978
6321,"MOLALLA RIVER NEAR CANBY, OR",2017-02-10-21,45.24428767,-122.687314,15.883333333333333,2017,02,10,21,981
6322,"MOLALLA RIVER NEAR CANBY, OR",2017-02-11-00,45.24428767,-122.687314,15.592500000000001,2017,02,11,00,984
6323,"MOLALLA RIVER NEAR CANBY, OR",2017-02-11-03,45.24428767,-122.687314,15.363333333333335,2017,02,11,03,987
6324,"MOLALLA RIVER NEAR CANBY, OR",2017-02-11-06,45.24428767,-122.687314,15.120000000000003,2017,02,11,06,990
6325,"MOLALLA RIVER NEAR CANBY, OR",2017-02-11-09,45.24428767,-122.687314,14.935,2017,02,11,09,993
6326,"MOLALLA RIVER NEAR CANBY, OR",2017-02-11-12,45.24428767,-122.687314,14.768333333333333,2017,02,11,12,996
6327,"MOLALLA RIVER NEAR CANBY, OR",2017-02-11-15,45.24428767,-122.687314,14.644166666666665,2017,02,11,15,999
6328,"MOLALLA RIVER NEAR CANBY, OR",2017-02-11-18,45.24428767,-122.687314,14.504166666666668,2017,02,11,18,1002
6329,"MOLALLA RIVER NEAR CANBY, OR",2017-02-11-21,45.24428767,-122.687314,14.353333333333337,2017,02,11,21,1005
6330,"MOLALLA RIVER NEAR CANBY, OR",2017-02-12-00,45.24428767,-122.687314,14.203333333333333,2017,02,12,00,1008
6331,"MOLALLA RIVER NEAR CANBY, OR",2017-02-12-03,45.24428767,-122.687314,14.068333333333333,2017,02,12,03,1011
6332,"MOLALLA RIVER NEAR CANBY, OR",2017-02-12-06,45.24428767,-122.687314,13.968333333333334,2017,02,12,06,1014
6333,"MOLALLA RIVER NEAR CANBY, OR",2017-02-12-09,45.24428767,-122.687314,13.863333333333332,2017,02,12,09,1017
6334,"MOLALLA RIVER NEAR CANBY, OR",2017-02-12-12,45.24428767,-122.687314,13.805833333333332,2017,02,12,12,1020
6335,"MOLALLA RIVER NEAR CANBY, OR",2017-02-12-15,45.24428767,-122.687314,13.729166666666666,2017,02,12,15,1023
6336,"MOLALLA RIVER NEAR CANBY, OR",2017-02-12-18,45.24428767,-122.687314,13.648333333333333,2017,02,12,18,1026
6337,"MOLALLA RIVER NEAR CANBY, OR",2017-02-12-21,45.24428767,-122.687314,13.535833333333336,2017,02,12,21,1029
6338,"MOLALLA RIVER NEAR CANBY, OR",2017-02-13-00,45.24428767,-122.687314,13.44,2017,02,13,00,1032
6339,"MOLALLA RIVER NEAR CANBY, OR",2017-02-13-03,45.24428767,-122.687314,13.371666666666664,2017,02,13,03,1035
6340,"MOLALLA RIVER NEAR CANBY, OR",2017-02-13-06,45.24428767,-122.687314,13.358333333333334,2017,02,13,06,1038
6341,"MOLALLA RIVER NEAR CANBY, OR",2017-02-13-09,45.24428767,-122.687314,13.285833333333334,2017,02,13,09,1041
6342,"MOLALLA RIVER NEAR CANBY, OR",2017-02-13-12,45.24428767,-122.687314,13.181666666666667,2017,02,13,12,1044
6343,"MOLALLA RIVER NEAR CANBY, OR",2017-02-13-15,45.24428767,-122.687314,13.133333333333331,2017,02,13,15,1047
6344,"MOLALLA RIVER NEAR CANBY, OR",2017-02-13-18,45.24428767,-122.687314,13.071666666666667,2017,02,13,18,1050
6345,"MOLALLA RIVER NEAR CANBY, OR",2017-02-13-21,45.24428767,-122.687314,13.025833333333333,2017,02,13,21,1053
6346,"MOLALLA RIVER NEAR CANBY, OR",2017-02-14-00,45.24428767,-122.687314,12.978333333333333,2017,02,14,00,1056
6347,"MOLALLA RIVER NEAR CANBY, OR",2017-02-14-03,45.24428767,-122.687314,12.934166666666668,2017,02,14,03,1059
6348,"MOLALLA RIVER NEAR CANBY, OR",2017-02-14-06,45.24428767,-122.687314,12.9075,2017,02,14,06,1062
6349,"MOLALLA RIVER NEAR CANBY, OR",2017-02-14-09,45.24428767,-122.687314,12.854166666666664,2017,02,14,09,1065
6350,"MOLALLA RIVER NEAR CANBY, OR",2017-02-14-12,45.24428767,-122.687314,12.810833333333335,2017,02,14,12,1068
6351,"MOLALLA RIVER NEAR CANBY, OR",2017-02-14-15,45.24428767,-122.687314,12.771666666666667,2017,02,14,15,1071
6352,"MOLALLA RIVER NEAR CANBY, OR",2017-02-14-18,45.24428767,-122.687314,12.741666666666667,2017,02,14,18,1074
6353,"MOLALLA RIVER NEAR CANBY, OR",2017-02-14-21,45.24428767,-122.687314,12.705833333333333,2017,02,14,21,1077
6354,"MOLALLA RIVER NEAR CANBY, OR",2017-02-15-00,45.24428767,-122.687314,12.6725,2017,02,15,00,1080
6355,"MOLALLA RIVER NEAR CANBY, OR",2017-02-15-03,45.24428767,-122.687314,12.651666666666666,2017,02,15,03,1083
6356,"MOLALLA RIVER NEAR CANBY, OR",2017-02-15-06,45.24428767,-122.687314,12.646666666666667,2017,02,15,06,1086
6357,"MOLALLA RIVER NEAR CANBY, OR",2017-02-15-09,45.24428767,-122.687314,12.655000000000001,2017,02,15,09,1089
6358,"MOLALLA RIVER NEAR CANBY, OR",2017-02-15-12,45.24428767,-122.687314,12.672500000000001,2017,02,15,12,1092
6359,"MOLALLA RIVER NEAR CANBY, OR",2017-02-15-15,45.24428767,-122.687314,12.756666666666668,2017,02,15,15,1095
6360,"MOLALLA RIVER NEAR CANBY, OR",2017-02-15-18,45.24428767,-122.687314,12.889166666666666,2017,02,15,18,1098
6361,"MOLALLA RIVER NEAR CANBY, OR",2017-02-15-21,45.24428767,-122.687314,13.085833333333333,2017,02,15,21,1101
6362,"MOLALLA RIVER NEAR CANBY, OR",2017-02-16-00,45.24428767,-122.687314,13.390833333333333,2017,02,16,00,1104
6363,"MOLALLA RIVER NEAR CANBY, OR",2017-02-16-03,45.24428767,-122.687314,14.065833333333332,2017,02,16,03,1107
6364,"MOLALLA RIVER NEAR CANBY, OR",2017-02-16-06,45.24428767,-122.687314,15.0775,2017,02,16,06,1110
6365,"MOLALLA RIVER NEAR CANBY, OR",2017-02-16-09,45.24428767,-122.687314,16.18583333333333,2017,02,16,09,1113
6366,"MOLALLA RIVER NEAR CANBY, OR",2017-02-16-12,45.24428767,-122.687314,16.75375,2017,02,16,12,1116
6367,"MOLALLA RIVER NEAR CANBY, OR",2017-02-16-15,45.24428767,-122.687314,16.874999999999996,2017,02,16,15,1119
6368,"MOLALLA RIVER NEAR CANBY, OR",2017-02-16-18,45.24428767,-122.687314,16.905,2017,02,16,18,1122
6369,"MOLALLA RIVER NEAR CANBY, OR",2017-02-16-21,45.24428767,-122.687314,17.086666666666666,2017,02,16,21,1125
6370,"MOLALLA RIVER NEAR CANBY, OR",2017-02-17-00,45.24428767,-122.687314,17.195833333333333,2017,02,17,00,1128
6371,"MOLALLA RIVER NEAR CANBY, OR",2017-02-17-03,45.24428767,-122.687314,16.968333333333334,2017,02,17,03,1131
6372,"MOLALLA RIVER NEAR CANBY, OR",2017-02-17-06,45.24428767,-122.687314,16.639166666666668,2017,02,17,06,1134
6373,"MOLALLA RIVER NEAR CANBY, OR",2017-02-17-09,45.24428767,-122.687314,16.349999999999998,2017,02,17,09,1137
6374,"MOLALLA RIVER NEAR CANBY, OR",2017-02-17-12,45.24428767,-122.687314,16.12333333333333,2017,02,17,12,1140
6375,"MOLALLA RIVER NEAR CANBY, OR",2017-02-17-15,45.24428767,-122.687314,15.89,2017,02,17,15,1143
6376,"MOLALLA RIVER NEAR CANBY, OR",2017-02-17-18,45.24428767,-122.687314,15.628333333333332,2017,02,17,18,1146
6377,"MOLALLA RIVER NEAR CANBY, OR",2017-02-17-21,45.24428767,-122.687314,15.349166666666664,2017,02,17,21,1149
6378,"MOLALLA RIVER NEAR CANBY, OR",2017-02-18-00,45.24428767,-122.687314,15.099166666666669,2017,02,18,00,1152
6379,"MOLALLA RIVER NEAR CANBY, OR",2017-02-18-03,45.24428767,-122.687314,14.936666666666667,2017,02,18,03,1155
6380,"MOLALLA RIVER NEAR CANBY, OR",2017-02-18-06,45.24428767,-122.687314,14.79333333333333,2017,02,18,06,1158
6381,"MOLALLA RIVER NEAR CANBY, OR",2017-02-18-09,45.24428767,-122.687314,14.665,2017,02,18,09,1161
6382,"MOLALLA RIVER NEAR CANBY, OR",2017-02-18-12,45.24428767,-122.687314,14.559166666666668,2017,02,18,12,1164
6383,"MOLALLA RIVER NEAR CANBY, OR",2017-02-18-15,45.24428767,-122.687314,14.471666666666666,2017,02,18,15,1167
6384,"MOLALLA RIVER NEAR CANBY, OR",2017-02-18-18,45.24428767,-122.687314,14.363333333333335,2017,02,18,18,1170
6385,"MOLALLA RIVER NEAR CANBY, OR",2017-02-18-21,45.24428767,-122.687314,14.315,2017,02,18,21,1173
6386,"MOLALLA RIVER NEAR CANBY, OR",2017-02-19-00,45.24428767,-122.687314,14.230833333333331,2017,02,19,00,1176
6387,"MOLALLA RIVER NEAR CANBY, OR",2017-02-19-03,45.24428767,-122.687314,14.141666666666667,2017,02,19,03,1179
6388,"MOLALLA RIVER NEAR CANBY, OR",2017-02-19-06,45.24428767,-122.687314,14.106666666666667,2017,02,19,06,1182
6389,"MOLALLA RIVER NEAR CANBY, OR",2017-02-19-09,45.24428767,-122.687314,14.070833333333335,2017,02,19,09,1185
6390,"MOLALLA RIVER NEAR CANBY, OR",2017-02-19-12,45.24428767,-122.687314,13.994166666666665,2017,02,19,12,1188
6391,"MOLALLA RIVER NEAR CANBY, OR",2017-02-19-15,45.24428767,-122.687314,13.935833333333333,2017,02,19,15,1191
6392,"MOLALLA RIVER NEAR CANBY, OR",2017-02-19-18,45.24428767,-122.687314,13.895833333333334,2017,02,19,18,1194
6393,"MOLALLA RIVER NEAR CANBY, OR",2017-02-19-21,45.24428767,-122.687314,13.88166666666667,2017,02,19,21,1197
6394,"MOLALLA RIVER NEAR CANBY, OR",2017-02-20-00,45.24428767,-122.687314,13.852500000000001,2017,02,20,00,1200
6395,"MOLALLA RIVER NEAR CANBY, OR",2017-02-20-03,45.24428767,-122.687314,13.848333333333331,2017,02,20,03,1203
6396,"MOLALLA RIVER NEAR CANBY, OR",2017-02-20-06,45.24428767,-122.687314,13.883333333333333,2017,02,20,06,1206
6397,"MOLALLA RIVER NEAR CANBY, OR",2017-02-20-09,45.24428767,-122.687314,14.01333333333333,2017,02,20,09,1209
6398,"MOLALLA RIVER NEAR CANBY, OR",2017-02-20-12,45.24428767,-122.687314,14.279166666666663,2017,02,20,12,1212
6399,"MOLALLA RIVER NEAR CANBY, OR",2017-02-20-15,45.24428767,-122.687314,14.530000000000001,2017,02,20,15,1215
6400,"MOLALLA RIVER NEAR CANBY, OR",2017-02-20-18,45.24428767,-122.687314,14.625000000000002,2017,02,20,18,1218
6401,"MOLALLA RIVER NEAR CANBY, OR",2017-02-20-21,45.24428767,-122.687314,14.608333333333334,2017,02,20,21,1221
6402,"MOLALLA RIVER NEAR CANBY, OR",2017-02-21-00,45.24428767,-122.687314,14.553333333333335,2017,02,21,00,1224
6403,"MOLALLA RIVER NEAR CANBY, OR",2017-02-21-03,45.24428767,-122.687314,14.543333333333331,2017,02,21,03,1227
6404,"MOLALLA RIVER NEAR CANBY, OR",2017-02-21-06,45.24428767,-122.687314,14.637500000000001,2017,02,21,06,1230
6405,"MOLALLA RIVER NEAR CANBY, OR",2017-02-21-09,45.24428767,-122.687314,14.858333333333333,2017,02,21,09,1233
6406,"MOLALLA RIVER NEAR CANBY, OR",2017-02-21-12,45.24428767,-122.687314,15.013333333333335,2017,02,21,12,1236
6407,"MOLALLA RIVER NEAR CANBY, OR",2017-02-21-15,45.24428767,-122.687314,15.1175,2017,02,21,15,1239
6408,"MOLALLA RIVER NEAR CANBY, OR",2017-02-21-18,45.24428767,-122.687314,15.159999999999998,2017,02,21,18,1242
6409,"MOLALLA RIVER NEAR CANBY, OR",2017-02-21-21,45.24428767,-122.687314,15.1925,2017,02,21,21,1245
6410,"MOLALLA RIVER NEAR CANBY, OR",2017-02-22-00,45.24428767,-122.687314,15.133333333333333,2017,02,22,00,1248
6411,"MOLALLA RIVER NEAR CANBY, OR",2017-02-22-03,45.24428767,-122.687314,15.067499999999997,2017,02,22,03,1251
6412,"MOLALLA RIVER NEAR CANBY, OR",2017-02-22-06,45.24428767,-122.687314,14.948333333333336,2017,02,22,06,1254
6413,"MOLALLA RIVER NEAR CANBY, OR",2017-02-22-09,45.24428767,-122.687314,14.815000000000003,2017,02,22,09,1257
6414,"MOLALLA RIVER NEAR CANBY, OR",2017-02-22-12,45.24428767,-122.687314,14.690000000000003,2017,02,22,12,1260
6415,"MOLALLA RIVER NEAR CANBY, OR",2017-02-22-15,45.24428767,-122.687314,14.562499999999998,2017,02,22,15,1263
6416,"MOLALLA RIVER NEAR CANBY, OR",2017-02-22-18,45.24428767,-122.687314,14.43166666666667,2017,02,22,18,1266
6417,"MOLALLA RIVER NEAR CANBY, OR",2017-02-22-21,45.24428767,-122.687314,14.308333333333335,2017,02,22,21,1269
6418,"MOLALLA RIVER NEAR CANBY, OR",2017-02-23-00,45.24428767,-122.687314,14.174166666666665,2017,02,23,00,1272
6419,"MOLALLA RIVER NEAR CANBY, OR",2017-02-23-03,45.24428767,-122.687314,14.076666666666666,2017,02,23,03,1275
6420,"MOLALLA RIVER NEAR CANBY, OR",2017-02-23-06,45.24428767,-122.687314,14.024999999999999,2017,02,23,06,1278
6421,"MOLALLA RIVER NEAR CANBY, OR",2017-02-23-09,45.24428767,-122.687314,13.931666666666667,2017,02,23,09,1281
6422,"MOLALLA RIVER NEAR CANBY, OR",2017-02-23-12,45.24428767,-122.687314,13.812499999999998,2017,02,23,12,1284
6423,"MOLALLA RIVER NEAR CANBY, OR",2017-02-23-15,45.24428767,-122.687314,13.695,2017,02,23,15,1287
6424,"MOLALLA RIVER NEAR CANBY, OR",2017-02-23-18,45.24428767,-122.687314,13.619999999999997,2017,02,23,18,1290
6425,"MOLALLA RIVER NEAR CANBY, OR",2017-02-23-21,45.24428767,-122.687314,13.5775,2017,02,23,21,1293
6426,"MOLALLA RIVER NEAR CANBY, OR",2017-02-24-00,45.24428767,-122.687314,13.541666666666664,2017,02,24,00,1296
6427,"MOLALLA RIVER NEAR CANBY, OR",2017-02-24-03,45.24428767,-122.687314,13.480833333333331,2017,02,24,03,1299
6428,"MOLALLA RIVER NEAR CANBY, OR",2017-02-24-06,45.24428767,-122.687314,13.383333333333335,2017,02,24,06,1302
6429,"MOLALLA RIVER NEAR CANBY, OR",2017-02-24-09,45.24428767,-122.687314,13.325000000000001,2017,02,24,09,1305
6430,"MOLALLA RIVER NEAR CANBY, OR",2017-02-24-12,45.24428767,-122.687314,13.266666666666666,2017,02,24,12,1308
6431,"MOLALLA RIVER NEAR CANBY, OR",2017-02-24-15,45.24428767,-122.687314,13.219166666666666,2017,02,24,15,1311
6432,"MOLALLA RIVER NEAR CANBY, OR",2017-02-24-18,45.24428767,-122.687314,13.165833333333333,2017,02,24,18,1314
6433,"MOLALLA RIVER NEAR CANBY, OR",2017-02-24-21,45.24428767,-122.687314,13.119166666666667,2017,02,24,21,1317
6434,"MOLALLA RIVER NEAR CANBY, OR",2017-02-25-00,45.24428767,-122.687314,13.081666666666665,2017,02,25,00,1320
6435,"MOLALLA RIVER NEAR CANBY, OR",2017-02-25-03,45.24428767,-122.687314,13.018333333333333,2017,02,25,03,1323
6436,"MOLALLA RIVER NEAR CANBY, OR",2017-02-25-06,45.24428767,-122.687314,12.976666666666668,2017,02,25,06,1326
6437,"MOLALLA RIVER NEAR CANBY, OR",2017-02-25-09,45.24428767,-122.687314,12.915833333333333,2017,02,25,09,1329
6438,"MOLALLA RIVER NEAR CANBY, OR",2017-02-25-12,45.24428767,-122.687314,12.865833333333335,2017,02,25,12,1332
6439,"MOLALLA RIVER NEAR CANBY, OR",2017-02-25-15,45.24428767,-122.687314,12.831666666666669,2017,02,25,15,1335
6440,"MOLALLA RIVER NEAR CANBY, OR",2017-02-25-18,45.24428767,-122.687314,12.768333333333333,2017,02,25,18,1338
6441,"MOLALLA RIVER NEAR CANBY, OR",2017-02-25-21,45.24428767,-122.687314,12.736666666666666,2017,02,25,21,1341
6442,"MOLALLA RIVER NEAR CANBY, OR",2017-02-26-00,45.24428767,-122.687314,12.7175,2017,02,26,00,1344
6443,"MOLALLA RIVER NEAR CANBY, OR",2017-02-26-03,45.24428767,-122.687314,12.684166666666664,2017,02,26,03,1347
6444,"MOLALLA RIVER NEAR CANBY, OR",2017-02-26-06,45.24428767,-122.687314,12.6725,2017,02,26,06,1350
6445,"MOLALLA RIVER NEAR CANBY, OR",2017-02-26-09,45.24428767,-122.687314,12.654166666666667,2017,02,26,09,1353
6446,"MOLALLA RIVER NEAR CANBY, OR",2017-02-26-12,45.24428767,-122.687314,12.646666666666668,2017,02,26,12,1356
6447,"MOLALLA RIVER NEAR CANBY, OR",2017-02-26-15,45.24428767,-122.687314,12.641666666666667,2017,02,26,15,1359
6448,"MOLALLA RIVER NEAR CANBY, OR",2017-02-26-18,45.24428767,-122.687314,12.6325,2017,02,26,18,1362
6449,"MOLALLA RIVER NEAR CANBY, OR",2017-02-26-21,45.24428767,-122.687314,12.610833333333332,2017,02,26,21,1365
6450,"MOLALLA RIVER NEAR CANBY, OR",2017-02-27-00,45.24428767,-122.687314,12.590833333333334,2017,02,27,00,1368
6451,"MOLALLA RIVER NEAR CANBY, OR",2017-02-27-03,45.24428767,-122.687314,12.548333333333334,2017,02,27,03,1371
6452,"MOLALLA RIVER NEAR CANBY, OR",2017-02-27-06,45.24428767,-122.687314,12.516666666666666,2017,02,27,06,1374
6453,"MOLALLA RIVER NEAR CANBY, OR",2017-02-27-09,45.24428767,-122.687314,12.479166666666666,2017,02,27,09,1377
6454,"MOLALLA RIVER NEAR CANBY, OR",2017-02-27-12,45.24428767,-122.687314,12.4475,2017,02,27,12,1380
6455,"MOLALLA RIVER NEAR CANBY, OR",2017-02-27-15,45.24428767,-122.687314,12.431666666666665,2017,02,27,15,1383
6456,"MOLALLA RIVER NEAR CANBY, OR",2017-02-27-18,45.24428767,-122.687314,12.42,2017,02,27,18,1386
6457,"MOLALLA RIVER NEAR CANBY, OR",2017-02-27-21,45.24428767,-122.687314,12.426666666666668,2017,02,27,21,1389
6458,"MOLALLA RIVER NEAR CANBY, OR",2017-02-28-00,45.24428767,-122.687314,12.418333333333335,2017,02,28,00,1392
6459,"MOLALLA RIVER NEAR CANBY, OR",2017-02-28-03,45.24428767,-122.687314,12.398333333333333,2017,02,28,03,1395
6460,"MOLALLA RIVER NEAR CANBY, OR",2017-02-28-06,45.24428767,-122.687314,12.373333333333335,2017,02,28,06,1398
6461,"MOLALLA RIVER NEAR CANBY, OR",2017-02-28-09,45.24428767,-122.687314,12.343333333333334,2017,02,28,09,1401
6462,"MOLALLA RIVER NEAR CANBY, OR",2017-02-28-12,45.24428767,-122.687314,12.312499999999998,2017,02,28,12,1404
6463,"MOLALLA RIVER NEAR CANBY, OR",2017-02-28-15,45.24428767,-122.687314,12.278333333333334,2017,02,28,15,1407
6464,"MOLALLA RIVER NEAR CANBY, OR",2017-02-28-18,45.24428767,-122.687314,12.269166666666663,2017,02,28,18,1410
6465,"MOLALLA RIVER NEAR CANBY, OR",2017-02-28-21,45.24428767,-122.687314,12.258333333333333,2017,02,28,21,1413
6466,"MOLALLA RIVER NEAR CANBY, OR",2017-03-01-00,45.24428767,-122.687314,12.250833333333333,2017,03,01,00,1416
6467,"MOLALLA RIVER NEAR CANBY, OR",2017-03-01-03,45.24428767,-122.687314,12.225833333333332,2017,03,01,03,1419
6468,"MOLALLA RIVER NEAR CANBY, OR",2017-03-01-06,45.24428767,-122.687314,12.195833333333333,2017,03,01,06,1422
6469,"MOLALLA RIVER NEAR CANBY, OR",2017-03-01-09,45.24428767,-122.687314,12.172500000000001,2017,03,01,09,1425
6470,"MOLALLA RIVER NEAR CANBY, OR",2017-03-01-12,45.24428767,-122.687314,12.155833333333335,2017,03,01,12,1428
6471,"MOLALLA RIVER NEAR CANBY, OR",2017-03-01-15,45.24428767,-122.687314,12.142500000000004,2017,03,01,15,1431
6472,"MOLALLA RIVER NEAR CANBY, OR",2017-03-01-18,45.24428767,-122.687314,12.130833333333333,2017,03,01,18,1434
6473,"MOLALLA RIVER NEAR CANBY, OR",2017-03-01-21,45.24428767,-122.687314,12.135833333333332,2017,03,01,21,1437
6474,"MOLALLA RIVER NEAR CANBY, OR",2017-03-02-00,45.24428767,-122.687314,12.152499999999998,2017,03,02,00,1440
6475,"MOLALLA RIVER NEAR CANBY, OR",2017-03-02-03,45.24428767,-122.687314,12.125,2017,03,02,03,1443
6476,"MOLALLA RIVER NEAR CANBY, OR",2017-03-02-06,45.24428767,-122.687314,12.116666666666665,2017,03,02,06,1446
6477,"MOLALLA RIVER NEAR CANBY, OR",2017-03-02-09,45.24428767,-122.687314,12.095833333333333,2017,03,02,09,1449
6478,"MOLALLA RIVER NEAR CANBY, OR",2017-03-02-12,45.24428767,-122.687314,12.081666666666663,2017,03,02,12,1452
6479,"MOLALLA RIVER NEAR CANBY, OR",2017-03-02-15,45.24428767,-122.687314,12.066666666666665,2017,03,02,15,1455
6480,"MOLALLA RIVER NEAR CANBY, OR",2017-03-02-18,45.24428767,-122.687314,12.055,2017,03,02,18,1458
6481,"MOLALLA RIVER NEAR CANBY, OR",2017-03-02-21,45.24428767,-122.687314,12.0475,2017,03,02,21,1461
6482,"MOLALLA RIVER NEAR CANBY, OR",2017-03-03-00,45.24428767,-122.687314,12.051666666666668,2017,03,03,00,1464
6483,"MOLALLA RIVER NEAR CANBY, OR",2017-03-03-03,45.24428767,-122.687314,12.0475,2017,03,03,03,1467
6484,"MOLALLA RIVER NEAR CANBY, OR",2017-03-03-06,45.24428767,-122.687314,12.037499999999996,2017,03,03,06,1470
6485,"MOLALLA RIVER NEAR CANBY, OR",2017-03-03-09,45.24428767,-122.687314,12.027499999999998,2017,03,03,09,1473
6486,"MOLALLA RIVER NEAR CANBY, OR",2017-03-03-12,45.24428767,-122.687314,12.011666666666668,2017,03,03,12,1476
6487,"MOLALLA RIVER NEAR CANBY, OR",2017-03-03-15,45.24428767,-122.687314,12.016666666666666,2017,03,03,15,1479
6488,"MOLALLA RIVER NEAR CANBY, OR",2017-03-03-18,45.24428767,-122.687314,12.027499999999998,2017,03,03,18,1482
6489,"MOLALLA RIVER NEAR CANBY, OR",2017-03-03-21,45.24428767,-122.687314,12.049999999999999,2017,03,03,21,1485
6490,"MOLALLA RIVER NEAR CANBY, OR",2017-03-04-00,45.24428767,-122.687314,12.132500000000002,2017,03,04,00,1488
6491,"MOLALLA RIVER NEAR CANBY, OR",2017-03-04-03,45.24428767,-122.687314,12.335833333333333,2017,03,04,03,1491
6492,"MOLALLA RIVER NEAR CANBY, OR",2017-03-04-06,45.24428767,-122.687314,12.582499999999998,2017,03,04,06,1494
6493,"MOLALLA RIVER NEAR CANBY, OR",2017-03-04-09,45.24428767,-122.687314,12.614166666666668,2017,03,04,09,1497
6494,"MOLALLA RIVER NEAR CANBY, OR",2017-03-04-12,45.24428767,-122.687314,12.585,2017,03,04,12,1500
6495,"MOLALLA RIVER NEAR CANBY, OR",2017-03-04-15,45.24428767,-122.687314,12.551666666666668,2017,03,04,15,1503
6496,"MOLALLA RIVER NEAR CANBY, OR",2017-03-04-18,45.24428767,-122.687314,12.545000000000002,2017,03,04,18,1506
6497,"MOLALLA RIVER NEAR CANBY, OR",2017-03-04-21,45.24428767,-122.687314,12.537500000000001,2017,03,04,21,1509
6498,"MOLALLA RIVER NEAR CANBY, OR",2017-03-05-00,45.24428767,-122.687314,12.546666666666667,2017,03,05,00,1512
6499,"MOLALLA RIVER NEAR CANBY, OR",2017-03-05-03,45.24428767,-122.687314,12.555833333333332,2017,03,05,03,1515
6500,"MOLALLA RIVER NEAR CANBY, OR",2017-03-05-06,45.24428767,-122.687314,12.526666666666669,2017,03,05,06,1518
6501,"MOLALLA RIVER NEAR CANBY, OR",2017-03-05-09,45.24428767,-122.687314,12.489166666666664,2017,03,05,09,1521
6502,"MOLALLA RIVER NEAR CANBY, OR",2017-03-05-12,45.24428767,-122.687314,12.445,2017,03,05,12,1524
6503,"MOLALLA RIVER NEAR CANBY, OR",2017-03-05-15,45.24428767,-122.687314,12.414166666666667,2017,03,05,15,1527
6504,"MOLALLA RIVER NEAR CANBY, OR",2017-03-05-18,45.24428767,-122.687314,12.3925,2017,03,05,18,1530
6505,"MOLALLA RIVER NEAR CANBY, OR",2017-03-05-21,45.24428767,-122.687314,12.394166666666665,2017,03,05,21,1533
6506,"MOLALLA RIVER NEAR CANBY, OR",2017-03-06-00,45.24428767,-122.687314,12.385833333333332,2017,03,06,00,1536
6507,"MOLALLA RIVER NEAR CANBY, OR",2017-03-06-03,45.24428767,-122.687314,12.384166666666667,2017,03,06,03,1539
6508,"MOLALLA RIVER NEAR CANBY, OR",2017-03-06-06,45.24428767,-122.687314,12.408333333333333,2017,03,06,06,1542
6509,"MOLALLA RIVER NEAR CANBY, OR",2017-03-06-09,45.24428767,-122.687314,12.428333333333335,2017,03,06,09,1545
6510,"MOLALLA RIVER NEAR CANBY, OR",2017-03-06-12,45.24428767,-122.687314,12.431666666666667,2017,03,06,12,1548
6511,"MOLALLA RIVER NEAR CANBY, OR",2017-03-06-15,45.24428767,-122.687314,12.438333333333333,2017,03,06,15,1551
6512,"MOLALLA RIVER NEAR CANBY, OR",2017-03-06-18,45.24428767,-122.687314,12.425833333333332,2017,03,06,18,1554
6513,"MOLALLA RIVER NEAR CANBY, OR",2017-03-06-21,45.24428767,-122.687314,12.421666666666667,2017,03,06,21,1557
6514,"MOLALLA RIVER NEAR CANBY, OR",2017-03-07-00,45.24428767,-122.687314,12.400833333333333,2017,03,07,00,1560
6515,"MOLALLA RIVER NEAR CANBY, OR",2017-03-07-03,45.24428767,-122.687314,12.375,2017,03,07,03,1563
6516,"MOLALLA RIVER NEAR CANBY, OR",2017-03-07-06,45.24428767,-122.687314,12.350833333333334,2017,03,07,06,1566
6517,"MOLALLA RIVER NEAR CANBY, OR",2017-03-07-09,45.24428767,-122.687314,12.340000000000002,2017,03,07,09,1569
6518,"MOLALLA RIVER NEAR CANBY, OR",2017-03-07-12,45.24428767,-122.687314,12.357500000000002,2017,03,07,12,1572
6519,"MOLALLA RIVER NEAR CANBY, OR",2017-03-07-15,45.24428767,-122.687314,12.405000000000001,2017,03,07,15,1575
6520,"MOLALLA RIVER NEAR CANBY, OR",2017-03-07-18,45.24428767,-122.687314,12.472499999999998,2017,03,07,18,1578
6521,"MOLALLA RIVER NEAR CANBY, OR",2017-03-07-21,45.24428767,-122.687314,12.589999999999998,2017,03,07,21,1581
6522,"MOLALLA RIVER NEAR CANBY, OR",2017-03-08-00,45.24428767,-122.687314,12.764166666666666,2017,03,08,00,1584
6523,"MOLALLA RIVER NEAR CANBY, OR",2017-03-08-03,45.24428767,-122.687314,13.204999999999998,2017,03,08,03,1587
6524,"MOLALLA RIVER NEAR CANBY, OR",2017-03-08-06,45.24428767,-122.687314,13.88,2017,03,08,06,1590
6525,"MOLALLA RIVER NEAR CANBY, OR",2017-03-08-09,45.24428767,-122.687314,14.420833333333334,2017,03,08,09,1593
6526,"MOLALLA RIVER NEAR CANBY, OR",2017-03-08-12,45.24428767,-122.687314,14.714166666666669,2017,03,08,12,1596
6527,"MOLALLA RIVER NEAR CANBY, OR",2017-03-08-15,45.24428767,-122.687314,14.795833333333333,2017,03,08,15,1599
6528,"MOLALLA RIVER NEAR CANBY, OR",2017-03-08-18,45.24428767,-122.687314,14.826666666666666,2017,03,08,18,1602
6529,"MOLALLA RIVER NEAR CANBY, OR",2017-03-08-21,45.24428767,-122.687314,15.029166666666669,2017,03,08,21,1605
6530,"MOLALLA RIVER NEAR CANBY, OR",2017-03-09-00,45.24428767,-122.687314,15.569166666666666,2017,03,09,00,1608
6531,"MOLALLA RIVER NEAR CANBY, OR",2017-03-09-03,45.24428767,-122.687314,16.080000000000002,2017,03,09,03,1611
6532,"MOLALLA RIVER NEAR CANBY, OR",2017-03-09-06,45.24428767,-122.687314,16.356666666666666,2017,03,09,06,1614
6533,"MOLALLA RIVER NEAR CANBY, OR",2017-03-09-09,45.24428767,-122.687314,16.43583333333333,2017,03,09,09,1617
6534,"MOLALLA RIVER NEAR CANBY, OR",2017-03-09-12,45.24428767,-122.687314,16.488333333333333,2017,03,09,12,1620
6535,"MOLALLA RIVER NEAR CANBY, OR",2017-03-09-15,45.24428767,-122.687314,16.729999999999997,2017,03,09,15,1623
6536,"MOLALLA RIVER NEAR CANBY, OR",2017-03-09-18,45.24428767,-122.687314,17.1675,2017,03,09,18,1626
6537,"MOLALLA RIVER NEAR CANBY, OR",2017-03-09-21,45.24428767,-122.687314,17.839166666666667,2017,03,09,21,1629
6538,"MOLALLA RIVER NEAR CANBY, OR",2017-03-10-00,45.24428767,-122.687314,18.306666666666665,2017,03,10,00,1632
6539,"MOLALLA RIVER NEAR CANBY, OR",2017-03-10-03,45.24428767,-122.687314,18.21583333333334,2017,03,10,03,1635
6540,"MOLALLA RIVER NEAR CANBY, OR",2017-03-10-06,45.24428767,-122.687314,17.915,2017,03,10,06,1638
6541,"MOLALLA RIVER NEAR CANBY, OR",2017-03-10-09,45.24428767,-122.687314,17.561666666666667,2017,03,10,09,1641
6542,"MOLALLA RIVER NEAR CANBY, OR",2017-03-10-12,45.24428767,-122.687314,17.143333333333334,2017,03,10,12,1644
6543,"MOLALLA RIVER NEAR CANBY, OR",2017-03-10-15,45.24428767,-122.687314,16.805,2017,03,10,15,1647
6544,"MOLALLA RIVER NEAR CANBY, OR",2017-03-10-18,45.24428767,-122.687314,16.536666666666665,2017,03,10,18,1650
6545,"MOLALLA RIVER NEAR CANBY, OR",2017-03-10-21,45.24428767,-122.687314,16.2375,2017,03,10,21,1653
6546,"MOLALLA RIVER NEAR CANBY, OR",2017-03-11-00,45.24428767,-122.687314,16.018333333333334,2017,03,11,00,1656
6547,"MOLALLA RIVER NEAR CANBY, OR",2017-03-11-03,45.24428767,-122.687314,15.800833333333337,2017,03,11,03,1659
6548,"MOLALLA RIVER NEAR CANBY, OR",2017-03-11-06,45.24428767,-122.687314,15.585,2017,03,11,06,1662
6549,"MOLALLA RIVER NEAR CANBY, OR",2017-03-11-09,45.24428767,-122.687314,15.4125,2017,03,11,09,1665
6550,"MOLALLA RIVER NEAR CANBY, OR",2017-03-11-12,45.24428767,-122.687314,15.282499999999999,2017,03,11,12,1668
6551,"MOLALLA RIVER NEAR CANBY, OR",2017-03-11-15,45.24428767,-122.687314,15.238333333333335,2017,03,11,15,1671
6552,"MOLALLA RIVER NEAR CANBY, OR",2017-03-11-18,45.24428767,-122.687314,15.273333333333333,2017,03,11,18,1674
6553,"MOLALLA RIVER NEAR CANBY, OR",2017-03-11-21,45.24428767,-122.687314,15.315000000000003,2017,03,11,21,1677
6554,"MOLALLA RIVER NEAR CANBY, OR",2017-03-12-00,45.24428767,-122.687314,15.277499999999998,2017,03,12,00,1680
6555,"MOLALLA RIVER NEAR CANBY, OR",2017-03-12-03,45.24428767,-122.687314,15.203333333333333,2017,03,12,03,1683
6556,"MOLALLA RIVER NEAR CANBY, OR",2017-03-12-06,45.24428767,-122.687314,15.0725,2017,03,12,06,1686
6557,"MOLALLA RIVER NEAR CANBY, OR",2017-03-12-09,45.24428767,-122.687314,14.967499999999996,2017,03,12,09,1689
6558,"MOLALLA RIVER NEAR CANBY, OR",2017-03-12-12,45.24428767,-122.687314,14.834999999999999,2017,03,12,12,1692
6559,"MOLALLA RIVER NEAR CANBY, OR",2017-03-12-15,45.24428767,-122.687314,14.707500000000001,2017,03,12,15,1695
6560,"MOLALLA RIVER NEAR CANBY, OR",2017-03-12-18,45.24428767,-122.687314,14.590833333333334,2017,03,12,18,1698
6561,"MOLALLA RIVER NEAR CANBY, OR",2017-03-12-21,45.24428767,-122.687314,14.494166666666665,2017,03,12,21,1701
6562,"MOLALLA RIVER NEAR CANBY, OR",2017-03-13-00,45.24428767,-122.687314,14.406666666666666,2017,03,13,00,1704
6563,"MOLALLA RIVER NEAR CANBY, OR",2017-03-13-03,45.24428767,-122.687314,14.313333333333333,2017,03,13,03,1707
6564,"MOLALLA RIVER NEAR CANBY, OR",2017-03-13-06,45.24428767,-122.687314,14.226666666666667,2017,03,13,06,1710
6565,"MOLALLA RIVER NEAR CANBY, OR",2017-03-13-09,45.24428767,-122.687314,14.148333333333335,2017,03,13,09,1713
6566,"MOLALLA RIVER NEAR CANBY, OR",2017-03-13-12,45.24428767,-122.687314,14.1025,2017,03,13,12,1716
6567,"MOLALLA RIVER NEAR CANBY, OR",2017-03-13-15,45.24428767,-122.687314,14.071666666666667,2017,03,13,15,1719
6568,"MOLALLA RIVER NEAR CANBY, OR",2017-03-13-18,45.24428767,-122.687314,14.1175,2017,03,13,18,1722
6569,"MOLALLA RIVER NEAR CANBY, OR",2017-03-13-21,45.24428767,-122.687314,14.354166666666666,2017,03,13,21,1725
6570,"MOLALLA RIVER NEAR CANBY, OR",2017-03-14-00,45.24428767,-122.687314,14.698333333333336,2017,03,14,00,1728
6571,"MOLALLA RIVER NEAR CANBY, OR",2017-03-14-03,45.24428767,-122.687314,14.881666666666666,2017,03,14,03,1731
6572,"MOLALLA RIVER NEAR CANBY, OR",2017-03-14-06,45.24428767,-122.687314,14.90083333333333,2017,03,14,06,1734
6573,"MOLALLA RIVER NEAR CANBY, OR",2017-03-14-09,45.24428767,-122.687314,14.859166666666665,2017,03,14,09,1737
6574,"MOLALLA RIVER NEAR CANBY, OR",2017-03-14-12,45.24428767,-122.687314,14.858333333333334,2017,03,14,12,1740
6575,"MOLALLA RIVER NEAR CANBY, OR",2017-03-14-15,45.24428767,-122.687314,14.929999999999998,2017,03,14,15,1743
6576,"MOLALLA RIVER NEAR CANBY, OR",2017-03-14-18,45.24428767,-122.687314,15.150833333333333,2017,03,14,18,1746
6577,"MOLALLA RIVER NEAR CANBY, OR",2017-03-14-21,45.24428767,-122.687314,15.3675,2017,03,14,21,1749
6578,"MOLALLA RIVER NEAR CANBY, OR",2017-03-15-00,45.24428767,-122.687314,15.389166666666668,2017,03,15,00,1752
6579,"MOLALLA RIVER NEAR CANBY, OR",2017-03-15-03,45.24428767,-122.687314,15.316666666666668,2017,03,15,03,1755
6580,"MOLALLA RIVER NEAR CANBY, OR",2017-03-15-06,45.24428767,-122.687314,15.235,2017,03,15,06,1758
6581,"MOLALLA RIVER NEAR CANBY, OR",2017-03-15-09,45.24428767,-122.687314,15.140000000000002,2017,03,15,09,1761
6582,"MOLALLA RIVER NEAR CANBY, OR",2017-03-15-12,45.24428767,-122.687314,15.053333333333335,2017,03,15,12,1764
6583,"MOLALLA RIVER NEAR CANBY, OR",2017-03-15-15,45.24428767,-122.687314,15.033333333333331,2017,03,15,15,1767
6584,"MOLALLA RIVER NEAR CANBY, OR",2017-03-15-18,45.24428767,-122.687314,15.076666666666668,2017,03,15,18,1770
6585,"MOLALLA RIVER NEAR CANBY, OR",2017-03-15-21,45.24428767,-122.687314,15.265,2017,03,15,21,1773
6586,"MOLALLA RIVER NEAR CANBY, OR",2017-03-16-00,45.24428767,-122.687314,15.594999999999999,2017,03,16,00,1776
6587,"MOLALLA RIVER NEAR CANBY, OR",2017-03-16-03,45.24428767,-122.687314,15.869999999999997,2017,03,16,03,1779
6588,"MOLALLA RIVER NEAR CANBY, OR",2017-03-16-06,45.24428767,-122.687314,15.93,2017,03,16,06,1782
6589,"MOLALLA RIVER NEAR CANBY, OR",2017-03-16-09,45.24428767,-122.687314,15.804166666666665,2017,03,16,09,1785
6590,"MOLALLA RIVER NEAR CANBY, OR",2017-03-16-12,45.24428767,-122.687314,15.641666666666667,2017,03,16,12,1788
6591,"MOLALLA RIVER NEAR CANBY, OR",2017-03-16-15,45.24428767,-122.687314,15.484166666666665,2017,03,16,15,1791
6592,"MOLALLA RIVER NEAR CANBY, OR",2017-03-16-18,45.24428767,-122.687314,15.342500000000001,2017,03,16,18,1794
6593,"MOLALLA RIVER NEAR CANBY, OR",2017-03-16-21,45.24428767,-122.687314,15.188333333333333,2017,03,16,21,1797
6594,"MOLALLA RIVER NEAR CANBY, OR",2017-03-17-00,45.24428767,-122.687314,15.048333333333332,2017,03,17,00,1800
6595,"MOLALLA RIVER NEAR CANBY, OR",2017-03-17-03,45.24428767,-122.687314,14.90916666666667,2017,03,17,03,1803
6596,"MOLALLA RIVER NEAR CANBY, OR",2017-03-17-06,45.24428767,-122.687314,14.775,2017,03,17,06,1806
6597,"MOLALLA RIVER NEAR CANBY, OR",2017-03-17-09,45.24428767,-122.687314,14.655833333333334,2017,03,17,09,1809
6598,"MOLALLA RIVER NEAR CANBY, OR",2017-03-17-12,45.24428767,-122.687314,14.5525,2017,03,17,12,1812
6599,"MOLALLA RIVER NEAR CANBY, OR",2017-03-17-15,45.24428767,-122.687314,14.463333333333333,2017,03,17,15,1815
6600,"MOLALLA RIVER NEAR CANBY, OR",2017-03-17-18,45.24428767,-122.687314,14.405000000000001,2017,03,17,18,1818
6601,"MOLALLA RIVER NEAR CANBY, OR",2017-03-17-21,45.24428767,-122.687314,14.345833333333333,2017,03,17,21,1821
6602,"MOLALLA RIVER NEAR CANBY, OR",2017-03-18-00,45.24428767,-122.687314,14.255833333333333,2017,03,18,00,1824
6603,"MOLALLA RIVER NEAR CANBY, OR",2017-03-18-03,45.24428767,-122.687314,14.183333333333332,2017,03,18,03,1827
6604,"MOLALLA RIVER NEAR CANBY, OR",2017-03-18-06,45.24428767,-122.687314,14.155833333333332,2017,03,18,06,1830
6605,"MOLALLA RIVER NEAR CANBY, OR",2017-03-18-09,45.24428767,-122.687314,14.203333333333335,2017,03,18,09,1833
6606,"MOLALLA RIVER NEAR CANBY, OR",2017-03-18-12,45.24428767,-122.687314,14.467500000000001,2017,03,18,12,1836
6607,"MOLALLA RIVER NEAR CANBY, OR",2017-03-18-15,45.24428767,-122.687314,15.148333333333332,2017,03,18,15,1839
6608,"MOLALLA RIVER NEAR CANBY, OR",2017-03-18-18,45.24428767,-122.687314,15.750833333333333,2017,03,18,18,1842
6609,"MOLALLA RIVER NEAR CANBY, OR",2017-03-18-21,45.24428767,-122.687314,15.763333333333334,2017,03,18,21,1845
6610,"MOLALLA RIVER NEAR CANBY, OR",2017-03-19-00,45.24428767,-122.687314,15.625,2017,03,19,00,1848
6611,"MOLALLA RIVER NEAR CANBY, OR",2017-03-19-03,45.24428767,-122.687314,15.472500000000002,2017,03,19,03,1851
6612,"MOLALLA RIVER NEAR CANBY, OR",2017-03-19-06,45.24428767,-122.687314,15.30333333333333,2017,03,19,06,1854
6613,"MOLALLA RIVER NEAR CANBY, OR",2017-03-19-09,45.24428767,-122.687314,15.161666666666669,2017,03,19,09,1857
6614,"MOLALLA RIVER NEAR CANBY, OR",2017-03-19-12,45.24428767,-122.687314,15.02083333333333,2017,03,19,12,1860
6615,"MOLALLA RIVER NEAR CANBY, OR",2017-03-19-15,45.24428767,-122.687314,14.8825,2017,03,19,15,1863
6616,"MOLALLA RIVER NEAR CANBY, OR",2017-03-19-18,45.24428767,-122.687314,14.762500000000001,2017,03,19,18,1866
6617,"MOLALLA RIVER NEAR CANBY, OR",2017-03-19-21,45.24428767,-122.687314,14.638333333333334,2017,03,19,21,1869
6618,"MOLALLA RIVER NEAR CANBY, OR",2017-03-20-00,45.24428767,-122.687314,14.524166666666671,2017,03,20,00,1872
6619,"MOLALLA RIVER NEAR CANBY, OR",2017-03-20-03,45.24428767,-122.687314,14.409999999999998,2017,03,20,03,1875
6620,"MOLALLA RIVER NEAR CANBY, OR",2017-03-20-06,45.24428767,-122.687314,14.310000000000002,2017,03,20,06,1878
6621,"MOLALLA RIVER NEAR CANBY, OR",2017-03-20-09,45.24428767,-122.687314,14.21,2017,03,20,09,1881
6622,"MOLALLA RIVER NEAR CANBY, OR",2017-03-20-12,45.24428767,-122.687314,14.118333333333332,2017,03,20,12,1884
6623,"MOLALLA RIVER NEAR CANBY, OR",2017-03-20-15,45.24428767,-122.687314,14.036666666666667,2017,03,20,15,1887
6624,"MOLALLA RIVER NEAR CANBY, OR",2017-03-20-18,45.24428767,-122.687314,13.97,2017,03,20,18,1890
6625,"MOLALLA RIVER NEAR CANBY, OR",2017-03-20-21,45.24428767,-122.687314,13.898333333333332,2017,03,20,21,1893
6626,"MOLALLA RIVER NEAR CANBY, OR",2017-03-21-00,45.24428767,-122.687314,13.855833333333335,2017,03,21,00,1896
6627,"MOLALLA RIVER NEAR CANBY, OR",2017-03-21-03,45.24428767,-122.687314,13.804166666666667,2017,03,21,03,1899
6628,"MOLALLA RIVER NEAR CANBY, OR",2017-03-21-06,45.24428767,-122.687314,13.7575,2017,03,21,06,1902
6629,"MOLALLA RIVER NEAR CANBY, OR",2017-03-21-09,45.24428767,-122.687314,13.71,2017,03,21,09,1905
6630,"MOLALLA RIVER NEAR CANBY, OR",2017-03-21-12,45.24428767,-122.687314,13.655000000000001,2017,03,21,12,1908
6631,"MOLALLA RIVER NEAR CANBY, OR",2017-03-21-15,45.24428767,-122.687314,13.629166666666668,2017,03,21,15,1911
6632,"MOLALLA RIVER NEAR CANBY, OR",2017-03-21-18,45.24428767,-122.687314,13.603333333333333,2017,03,21,18,1914
6633,"MOLALLA RIVER NEAR CANBY, OR",2017-03-21-21,45.24428767,-122.687314,13.566666666666668,2017,03,21,21,1917
6634,"MOLALLA RIVER NEAR CANBY, OR",2017-03-22-00,45.24428767,-122.687314,13.608333333333334,2017,03,22,00,1920
6635,"MOLALLA RIVER NEAR CANBY, OR",2017-03-22-03,45.24428767,-122.687314,13.612499999999999,2017,03,22,03,1923
6636,"MOLALLA RIVER NEAR CANBY, OR",2017-03-22-06,45.24428767,-122.687314,13.567499999999997,2017,03,22,06,1926
6637,"MOLALLA RIVER NEAR CANBY, OR",2017-03-22-09,45.24428767,-122.687314,13.523333333333333,2017,03,22,09,1929
6638,"MOLALLA RIVER NEAR CANBY, OR",2017-03-22-12,45.24428767,-122.687314,13.503333333333336,2017,03,22,12,1932
6639,"MOLALLA RIVER NEAR CANBY, OR",2017-03-22-15,45.24428767,-122.687314,13.479999999999999,2017,03,22,15,1935
6640,"MOLALLA RIVER NEAR CANBY, OR",2017-03-22-18,45.24428767,-122.687314,13.466666666666669,2017,03,22,18,1938
6641,"MOLALLA RIVER NEAR CANBY, OR",2017-03-22-21,45.24428767,-122.687314,13.469166666666666,2017,03,22,21,1941
6642,"MOLALLA RIVER NEAR CANBY, OR",2017-03-23-00,45.24428767,-122.687314,13.455833333333333,2017,03,23,00,1944
6643,"MOLALLA RIVER NEAR CANBY, OR",2017-03-23-03,45.24428767,-122.687314,13.425833333333332,2017,03,23,03,1947
6644,"MOLALLA RIVER NEAR CANBY, OR",2017-03-23-06,45.24428767,-122.687314,13.390833333333333,2017,03,23,06,1950
6645,"MOLALLA RIVER NEAR CANBY, OR",2017-03-23-09,45.24428767,-122.687314,13.353333333333332,2017,03,23,09,1953
6646,"MOLALLA RIVER NEAR CANBY, OR",2017-03-23-12,45.24428767,-122.687314,13.311666666666667,2017,03,23,12,1956
6647,"MOLALLA RIVER NEAR CANBY, OR",2017-03-23-15,45.24428767,-122.687314,13.273333333333332,2017,03,23,15,1959
6648,"MOLALLA RIVER NEAR CANBY, OR",2017-03-23-18,45.24428767,-122.687314,13.249166666666666,2017,03,23,18,1962
6649,"MOLALLA RIVER NEAR CANBY, OR",2017-03-23-21,45.24428767,-122.687314,13.229166666666666,2017,03,23,21,1965
6650,"MOLALLA RIVER NEAR CANBY, OR",2017-03-24-00,45.24428767,-122.687314,13.225833333333336,2017,03,24,00,1968
6651,"MOLALLA RIVER NEAR CANBY, OR",2017-03-24-03,45.24428767,-122.687314,13.290833333333333,2017,03,24,03,1971
6652,"MOLALLA RIVER NEAR CANBY, OR",2017-03-24-06,45.24428767,-122.687314,13.475833333333332,2017,03,24,06,1974
6653,"MOLALLA RIVER NEAR CANBY, OR",2017-03-24-09,45.24428767,-122.687314,13.8975,2017,03,24,09,1977
6654,"MOLALLA RIVER NEAR CANBY, OR",2017-03-24-12,45.24428767,-122.687314,14.49,2017,03,24,12,1980
6655,"MOLALLA RIVER NEAR CANBY, OR",2017-03-24-15,45.24428767,-122.687314,14.874166666666666,2017,03,24,15,1983
6656,"MOLALLA RIVER NEAR CANBY, OR",2017-03-24-18,45.24428767,-122.687314,14.939166666666663,2017,03,24,18,1986
6657,"MOLALLA RIVER NEAR CANBY, OR",2017-03-24-21,45.24428767,-122.687314,14.895000000000001,2017,03,24,21,1989
6658,"MOLALLA RIVER NEAR CANBY, OR",2017-03-25-00,45.24428767,-122.687314,14.868333333333334,2017,03,25,00,1992
6659,"MOLALLA RIVER NEAR CANBY, OR",2017-03-25-03,45.24428767,-122.687314,14.901666666666666,2017,03,25,03,1995
6660,"MOLALLA RIVER NEAR CANBY, OR",2017-03-25-06,45.24428767,-122.687314,14.914166666666667,2017,03,25,06,1998
6661,"MOLALLA RIVER NEAR CANBY, OR",2017-03-25-09,45.24428767,-122.687314,14.883333333333331,2017,03,25,09,2001
6662,"MOLALLA RIVER NEAR CANBY, OR",2017-03-25-12,45.24428767,-122.687314,14.8075,2017,03,25,12,2004
6663,"MOLALLA RIVER NEAR CANBY, OR",2017-03-25-15,45.24428767,-122.687314,14.708333333333336,2017,03,25,15,2007
6664,"MOLALLA RIVER NEAR CANBY, OR",2017-03-25-18,45.24428767,-122.687314,14.625,2017,03,25,18,2010
6665,"MOLALLA RIVER NEAR CANBY, OR",2017-03-25-21,45.24428767,-122.687314,14.544166666666664,2017,03,25,21,2013
6666,"MOLALLA RIVER NEAR CANBY, OR",2017-03-26-00,45.24428767,-122.687314,14.457499999999998,2017,03,26,00,2016
6667,"MOLALLA RIVER NEAR CANBY, OR",2017-03-26-03,45.24428767,-122.687314,14.365833333333333,2017,03,26,03,2019
6668,"MOLALLA RIVER NEAR CANBY, OR",2017-03-26-06,45.24428767,-122.687314,14.2825,2017,03,26,06,2022
6669,"MOLALLA RIVER NEAR CANBY, OR",2017-03-26-09,45.24428767,-122.687314,14.230000000000002,2017,03,26,09,2025
6670,"MOLALLA RIVER NEAR CANBY, OR",2017-03-26-12,45.24428767,-122.687314,14.205,2017,03,26,12,2028
6671,"MOLALLA RIVER NEAR CANBY, OR",2017-03-26-15,45.24428767,-122.687314,14.229166666666666,2017,03,26,15,2031
6672,"MOLALLA RIVER NEAR CANBY, OR",2017-03-26-18,45.24428767,-122.687314,14.30583333333333,2017,03,26,18,2034
6673,"MOLALLA RIVER NEAR CANBY, OR",2017-03-26-21,45.24428767,-122.687314,14.444166666666668,2017,03,26,21,2037
6674,"MOLALLA RIVER NEAR CANBY, OR",2017-03-27-00,45.24428767,-122.687314,14.559166666666668,2017,03,27,00,2040
6675,"MOLALLA RIVER NEAR CANBY, OR",2017-03-27-03,45.24428767,-122.687314,14.670833333333334,2017,03,27,03,2043
6676,"MOLALLA RIVER NEAR CANBY, OR",2017-03-27-06,45.24428767,-122.687314,14.685833333333333,2017,03,27,06,2046
6677,"MOLALLA RIVER NEAR CANBY, OR",2017-03-27-09,45.24428767,-122.687314,14.695833333333335,2017,03,27,09,2049
6678,"MOLALLA RIVER NEAR CANBY, OR",2017-03-27-12,45.24428767,-122.687314,14.664166666666665,2017,03,27,12,2052
6679,"MOLALLA RIVER NEAR CANBY, OR",2017-03-27-15,45.24428767,-122.687314,14.603333333333333,2017,03,27,15,2055
6680,"MOLALLA RIVER NEAR CANBY, OR",2017-03-27-18,45.24428767,-122.687314,14.542500000000002,2017,03,27,18,2058
6681,"MOLALLA RIVER NEAR CANBY, OR",2017-03-27-21,45.24428767,-122.687314,14.489999999999997,2017,03,27,21,2061
6682,"MOLALLA RIVER NEAR CANBY, OR",2017-03-28-00,45.24428767,-122.687314,14.449166666666668,2017,03,28,00,2064
6683,"MOLALLA RIVER NEAR CANBY, OR",2017-03-28-03,45.24428767,-122.687314,14.39,2017,03,28,03,2067
6684,"MOLALLA RIVER NEAR CANBY, OR",2017-03-28-06,45.24428767,-122.687314,14.321666666666665,2017,03,28,06,2070
6685,"MOLALLA RIVER NEAR CANBY, OR",2017-03-28-09,45.24428767,-122.687314,14.2475,2017,03,28,09,2073
6686,"MOLALLA RIVER NEAR CANBY, OR",2017-03-28-12,45.24428767,-122.687314,14.18333333333333,2017,03,28,12,2076
6687,"MOLALLA RIVER NEAR CANBY, OR",2017-03-28-15,45.24428767,-122.687314,14.115000000000002,2017,03,28,15,2079
6688,"MOLALLA RIVER NEAR CANBY, OR",2017-03-28-18,45.24428767,-122.687314,14.031666666666666,2017,03,28,18,2082
6689,"MOLALLA RIVER NEAR CANBY, OR",2017-03-28-21,45.24428767,-122.687314,13.9775,2017,03,28,21,2085
6690,"MOLALLA RIVER NEAR CANBY, OR",2017-03-29-00,45.24428767,-122.687314,13.923333333333332,2017,03,29,00,2088
6691,"MOLALLA RIVER NEAR CANBY, OR",2017-03-29-03,45.24428767,-122.687314,13.900833333333333,2017,03,29,03,2091
6692,"MOLALLA RIVER NEAR CANBY, OR",2017-03-29-06,45.24428767,-122.687314,13.879166666666665,2017,03,29,06,2094
6693,"MOLALLA RIVER NEAR CANBY, OR",2017-03-29-09,45.24428767,-122.687314,13.906666666666666,2017,03,29,09,2097
6694,"MOLALLA RIVER NEAR CANBY, OR",2017-03-29-12,45.24428767,-122.687314,13.933333333333332,2017,03,29,12,2100
6695,"MOLALLA RIVER NEAR CANBY, OR",2017-03-29-15,45.24428767,-122.687314,13.951666666666668,2017,03,29,15,2103
6696,"MOLALLA RIVER NEAR CANBY, OR",2017-03-29-18,45.24428767,-122.687314,14.069166666666666,2017,03,29,18,2106
6697,"MOLALLA RIVER NEAR CANBY, OR",2017-03-29-21,45.24428767,-122.687314,14.208333333333336,2017,03,29,21,2109
6698,"MOLALLA RIVER NEAR CANBY, OR",2017-03-30-00,45.24428767,-122.687314,14.375,2017,03,30,00,2112
6699,"MOLALLA RIVER NEAR CANBY, OR",2017-03-30-03,45.24428767,-122.687314,14.456666666666669,2017,03,30,03,2115
6700,"MOLALLA RIVER NEAR CANBY, OR",2017-03-30-06,45.24428767,-122.687314,14.441666666666665,2017,03,30,06,2118
6701,"MOLALLA RIVER NEAR CANBY, OR",2017-03-30-09,45.24428767,-122.687314,14.413333333333336,2017,03,30,09,2121
6702,"MOLALLA RIVER NEAR CANBY, OR",2017-03-30-12,45.24428767,-122.687314,14.344166666666666,2017,03,30,12,2124
6703,"MOLALLA RIVER NEAR CANBY, OR",2017-03-30-15,45.24428767,-122.687314,14.275833333333331,2017,03,30,15,2127
6704,"MOLALLA RIVER NEAR CANBY, OR",2017-03-30-18,45.24428767,-122.687314,14.200833333333334,2017,03,30,18,2130
6705,"MOLALLA RIVER NEAR CANBY, OR",2017-03-30-21,45.24428767,-122.687314,14.145833333333334,2017,03,30,21,2133
6706,"MOLALLA RIVER NEAR CANBY, OR",2017-03-31-00,45.24428767,-122.687314,14.098333333333331,2017,03,31,00,2136
6707,"MOLALLA RIVER NEAR CANBY, OR",2017-03-31-03,45.24428767,-122.687314,14.042500000000002,2017,03,31,03,2139
6708,"MOLALLA RIVER NEAR CANBY, OR",2017-03-31-06,45.24428767,-122.687314,13.976666666666667,2017,03,31,06,2142
6709,"MOLALLA RIVER NEAR CANBY, OR",2017-03-31-09,45.24428767,-122.687314,13.923333333333334,2017,03,31,09,2145
6710,"MOLALLA RIVER NEAR CANBY, OR",2017-03-31-12,45.24428767,-122.687314,13.853333333333332,2017,03,31,12,2148
6711,"MOLALLA RIVER NEAR CANBY, OR",2017-03-31-15,45.24428767,-122.687314,13.789166666666667,2017,03,31,15,2151
6712,"MOLALLA RIVER NEAR CANBY, OR",2017-03-31-18,45.24428767,-122.687314,13.725833333333334,2017,03,31,18,2154
6713,"MOLALLA RIVER NEAR CANBY, OR",2017-03-31-21,45.24428767,-122.687314,13.671666666666667,2017,03,31,21,2157
6714,"MOLALLA RIVER NEAR CANBY, OR",2017-04-01-00,45.24428767,-122.687314,13.620833333333332,2017,04,01,00,2160
6715,"MOLALLA RIVER NEAR CANBY, OR",2017-04-01-03,45.24428767,-122.687314,13.559166666666664,2017,04,01,03,2163
6716,"MOLALLA RIVER NEAR CANBY, OR",2017-04-01-06,45.24428767,-122.687314,13.512499999999998,2017,04,01,06,2166
6717,"MOLALLA RIVER NEAR CANBY, OR",2017-04-01-09,45.24428767,-122.687314,13.463333333333331,2017,04,01,09,2169
6718,"MOLALLA RIVER NEAR CANBY, OR",2017-04-01-12,45.24428767,-122.687314,13.416666666666666,2017,04,01,12,2172
6719,"MOLALLA RIVER NEAR CANBY, OR",2017-04-01-15,45.24428767,-122.687314,13.365833333333335,2017,04,01,15,2175
6720,"MOLALLA RIVER NEAR CANBY, OR",2017-04-01-18,45.24428767,-122.687314,13.330833333333333,2017,04,01,18,2178
6721,"MOLALLA RIVER NEAR CANBY, OR",2017-04-01-21,45.24428767,-122.687314,13.310833333333333,2017,04,01,21,2181
